cpu,ram,disk,net_mbps,cpu_d3,cpu_d6,ram_d3,ram_d6,cpu_std6,ram_std6,session,cpu_h6,ram_h6,cpu_h12,ram_h12,cpu_h24,ram_h24
42.64,41.19,77.31,25.79,8.36,7.45,1.03,2.89,3.17,0.96,0,55.34,50.7,76.95,60.09,100.0,79.4
43.73,42.15,77.3,27.65,10.39,5.92,0.96,2.37,3.86,0.72,0,56.61,51.52,77.4,60.66,99.56,81.34
43.07,43.42,77.33,33.08,3.07,8.27,2.41,2.79,4.23,1.0,0,60.72,53.8,82.03,61.67,100.0,82.95
45.96,44.64,77.34,45.04,3.32,11.68,3.45,4.47,4.5,1.45,0,65.8,55.28,85.14,63.98,100.0,83.85
48.06,47.14,77.27,42.36,4.33,14.72,4.99,5.95,4.39,2.11,0,68.9,56.7,87.07,65.44,100.0,87.0
52.21,49.34,77.33,48.71,9.13,12.2,5.92,8.33,3.74,2.91,0,71.79,58.44,91.77,67.36,100.0,87.78
55.34,50.7,77.39,47.18,9.38,12.69,6.06,9.51,4.53,3.37,0,76.95,60.09,95.74,68.66,100.0,88.85
56.61,51.52,77.37,51.15,8.56,12.89,4.38,9.37,5.08,3.41,0,77.4,60.66,100.0,70.2,100.0,90.88
60.72,53.8,77.37,52.42,8.52,17.65,4.46,10.38,5.85,3.49,0,82.03,61.67,100.0,73.02,100.0,92.97
65.8,55.28,77.41,47.13,10.47,19.84,4.58,10.64,6.44,3.41,0,85.14,63.98,100.0,73.79,100.0,94.83
68.9,56.7,77.37,51.02,12.29,20.85,5.18,9.56,6.85,3.13,0,87.07,65.44,100.0,74.42,100.0,96.79
71.79,58.44,77.41,54.6,11.07,19.58,4.64,9.1,6.84,3.09,0,91.77,67.36,100.0,75.34,100.0,99.41
76.95,60.09,77.41,53.96,11.15,21.61,4.81,9.39,7.43,3.22,0,95.74,68.66,100.0,79.4,100.0,100.0
77.4,60.66,77.37,45.98,8.5,20.79,3.96,9.14,7.27,3.1,0,100.0,70.2,99.56,81.34,100.0,100.0
82.03,61.67,77.37,56.37,10.24,21.3,3.22,7.87,6.86,2.72,0,100.0,73.02,100.0,82.95,100.0,100.0
85.14,63.98,77.34,54.73,8.19,19.34,3.89,8.7,6.47,2.76,0,100.0,73.79,100.0,83.85,100.0,100.0
87.07,65.44,77.4,40.91,9.67,18.17,4.78,8.74,6.22,2.8,0,100.0,74.42,100.0,87.0,92.18,93.14
91.77,67.36,77.39,29.34,9.74,19.97,5.69,8.92,6.34,2.95,0,100.0,75.34,100.0,87.78,80.97,88.89
95.74,68.66,77.42,29.52,10.59,18.79,4.68,8.57,6.51,3.09,0,100.0,79.4,100.0,88.85,72.62,84.98
100.0,70.2,77.39,30.95,12.93,22.6,4.76,9.54,7.31,3.29,0,99.56,81.34,100.0,90.88,66.52,80.95
100.0,73.02,77.45,33.81,8.23,17.97,5.66,11.35,6.68,3.57,0,100.0,82.95,100.0,92.97,58.53,78.18
100.0,73.79,77.44,26.39,4.26,14.86,5.13,9.81,5.88,3.4,0,100.0,83.85,100.0,94.83,52.44,75.18
100.0,74.42,77.49,24.62,0.0,12.93,4.22,8.98,4.79,3.19,0,100.0,87.0,100.0,96.79,52.55,76.93
100.0,75.34,77.53,31.32,0.0,8.23,2.32,7.98,3.02,2.85,0,100.0,87.78,100.0,99.41,55.2,78.73
100.0,79.4,77.57,23.41,0.0,4.26,5.6,10.73,1.49,3.24,0,100.0,88.85,100.0,100.0,63.86,79.57
99.56,81.34,77.55,20.08,-0.44,-0.44,6.92,11.14,0.15,3.53,0,100.0,90.88,100.0,100.0,74.08,80.51
100.0,82.95,77.62,21.34,0.0,0.0,7.62,9.94,0.15,3.69,0,100.0,92.97,100.0,100.0,81.94,81.6
100.0,83.85,77.56,17.45,0.0,0.0,4.46,10.06,0.15,3.89,0,100.0,94.83,100.0,100.0,87.21,83.17
100.0,87.0,77.59,25.31,0.44,0.0,5.66,12.58,0.15,4.22,0,100.0,96.79,92.18,93.14,91.14,84.83
100.0,87.78,77.56,19.51,0.0,0.0,4.82,12.44,0.15,4.01,0,100.0,99.41,80.97,88.89,96.48,87.52
100.0,88.85,77.62,12.29,0.0,0.0,4.99,9.45,0.15,3.27,0,100.0,100.0,72.62,84.98,100.0,89.39
100.0,90.88,77.63,11.96,0.0,0.44,3.89,9.55,0.15,3.2,0,100.0,100.0,66.52,80.95,100.0,92.94
100.0,92.97,77.63,2.15,0.0,0.0,5.19,10.02,0.0,3.32,0,100.0,100.0,58.53,78.18,100.0,93.93
100.0,94.83,77.73,3.43,0.0,0.0,5.99,10.98,0.0,3.46,0,100.0,100.0,52.44,75.18,100.0,94.4
100.0,96.79,77.81,5.19,0.0,0.0,5.91,9.8,0.0,3.43,0,92.18,93.14,52.55,76.93,100.0,95.9
100.0,99.41,77.85,17.48,0.0,0.0,6.44,11.63,0.0,3.92,0,80.97,88.89,55.2,78.73,100.0,97.69
100.0,100.0,77.81,30.68,0.0,0.0,5.17,11.15,0.0,3.9,0,72.62,84.98,63.86,79.57,100.0,97.52
100.0,100.0,77.81,42.37,0.0,0.0,3.21,9.12,0.0,3.38,0,66.52,80.95,74.08,80.51,100.0,99.09
100.0,100.0,77.86,39.22,0.0,0.0,0.59,7.03,0.0,2.68,0,58.53,78.18,81.94,81.6,100.0,99.74
100.0,100.0,77.9,50.48,0.0,0.0,0.0,5.17,0.0,1.92,0,52.44,75.18,87.21,83.17,100.0,100.0
92.18,93.14,77.91,43.73,-7.82,-7.82,-6.86,-3.65,2.74,2.43,0,52.55,76.93,91.14,84.83,100.0,100.0
80.97,88.89,77.98,33.12,-19.03,-19.03,-11.11,-10.52,6.76,4.17,0,55.2,78.73,96.48,87.52,100.0,100.0
72.62,84.98,78.05,37.43,-27.38,-27.38,-15.02,-15.02,10.37,5.86,0,63.86,79.57,100.0,89.39,100.0,100.0
66.52,80.95,78.06,39.37,-25.67,-33.48,-12.19,-19.05,13.07,7.29,0,74.08,80.51,100.0,92.94,100.0,100.0
58.53,78.18,78.09,59.5,-22.44,-41.47,-10.71,-21.82,15.26,8.07,0,81.94,81.6,100.0,93.93,100.0,100.0
52.44,75.18,78.04,54.78,-20.18,-47.56,-9.8,-24.82,16.09,8.11,0,87.21,83.17,100.0,94.4,100.0,100.0
52.55,76.93,78.0,50.54,-13.96,-39.63,-4.02,-16.21,13.87,6.16,0,91.14,84.83,100.0,95.9,100.0,100.0
55.2,78.73,77.94,38.81,-3.33,-25.77,0.54,-10.16,10.2,4.48,0,96.48,87.52,100.0,97.69,100.0,100.0
63.86,79.57,77.9,53.5,11.42,-8.76,4.39,-5.41,7.11,2.91,0,100.0,89.39,100.0,97.52,99.82,100.0
74.08,80.51,77.9,56.24,21.52,7.56,3.58,-0.44,7.48,1.88,0,100.0,92.94,100.0,99.09,100.0,100.0
81.94,81.6,77.91,62.45,26.74,23.4,2.87,3.41,10.57,2.01,0,100.0,93.93,100.0,99.74,100.0,100.0
87.21,83.17,77.92,51.45,23.35,34.77,3.6,7.99,13.37,2.53,0,100.0,94.4,100.0,100.0,100.0,100.0
91.14,84.83,77.95,47.01,17.06,38.58,4.32,7.9,14.28,2.49,0,100.0,95.9,100.0,100.0,100.0,100.0
96.48,87.52,77.98,49.83,14.55,41.28,5.92,8.79,13.87,2.89,0,100.0,97.69,100.0,100.0,100.0,100.0
100.0,89.39,77.97,52.36,12.79,36.14,6.22,9.82,11.8,3.38,0,100.0,97.52,100.0,100.0,100.0,100.0
100.0,92.94,78.07,55.44,8.86,25.92,8.11,12.43,9.02,4.15,0,100.0,99.09,100.0,100.0,92.78,95.61
100.0,93.93,78.14,57.55,3.52,18.06,6.41,12.33,6.69,4.39,0,100.0,99.74,100.0,100.0,85.78,94.36
100.0,94.4,78.21,61.18,0.0,12.79,5.01,11.24,4.84,4.16,0,100.0,100.0,100.0,100.0,76.79,90.54
100.0,95.9,78.24,61.6,0.0,8.86,2.96,11.07,3.14,3.78,0,100.0,100.0,100.0,100.0,65.72,85.94
100.0,97.69,78.25,62.82,0.0,3.52,3.77,10.18,1.23,3.3,0,100.0,100.0,100.0,100.0,56.87,79.9
100.0,97.52,78.26,64.23,0.0,0.0,3.11,8.13,0.0,2.68,0,100.0,100.0,99.82,100.0,55.7,77.27
100.0,99.09,78.19,66.86,0.0,0.0,3.19,6.15,0.0,2.1,0,100.0,100.0,100.0,100.0,59.34,74.29
100.0,99.74,78.26,64.23,0.0,0.0,2.05,5.82,0.0,2.07,0,100.0,100.0,100.0,100.0,61.1,72.78
100.0,100.0,78.26,74.63,0.0,0.0,2.48,5.6,0.0,1.91,0,100.0,100.0,100.0,100.0,60.14,68.22
100.0,100.0,78.34,78.14,0.0,0.0,0.91,4.1,0.0,1.45,0,100.0,100.0,100.0,100.0,61.57,66.56
100.0,100.0,78.4,75.77,0.0,0.0,0.26,2.31,0.0,1.02,0,100.0,100.0,100.0,100.0,63.43,66.19
100.0,100.0,78.47,66.34,0.0,0.0,0.0,2.48,0.0,0.86,0,99.82,100.0,100.0,100.0,64.24,63.02
100.0,100.0,78.55,72.35,0.0,0.0,0.0,0.91,0.0,0.32,0,100.0,100.0,92.78,95.61,67.85,63.3
100.0,100.0,78.49,71.82,0.0,0.0,0.0,0.26,0.0,0.09,0,100.0,100.0,85.78,94.36,67.77,62.31
100.0,100.0,78.58,76.92,0.0,0.0,0.0,0.0,0.0,0.0,0,100.0,100.0,76.79,90.54,71.63,60.32
100.0,100.0,78.61,67.18,0.0,0.0,0.0,0.0,0.0,0.0,0,100.0,100.0,65.72,85.94,72.32,59.52
100.0,100.0,78.68,72.05,0.0,0.0,0.0,0.0,0.0,0.0,0,100.0,100.0,56.87,79.9,75.04,59.68
99.82,100.0,78.71,75.36,-0.18,-0.18,0.0,0.0,0.06,0.0,0,100.0,100.0,55.7,77.27,79.18,58.17
100.0,100.0,78.7,80.09,0.0,0.0,0.0,0.0,0.06,0.0,0,92.78,95.61,59.34,74.29,80.92,57.47
100.0,100.0,78.74,86.86,0.0,0.0,0.0,0.0,0.06,0.0,0,85.78,94.36,61.1,72.78,83.06,56.63
100.0,100.0,78.81,88.73,0.18,0.0,0.0,0.0,0.06,0.0,0,76.79,90.54,60.14,68.22,85.72,55.67
100.0,100.0,78.79,87.55,0.0,0.0,0.0,0.0,0.06,0.0,0,65.72,85.94,61.57,66.56,84.55,52.75
100.0,100.0,78.86,79.08,0.0,0.0,0.0,0.0,0.06,0.0,0,56.87,79.9,63.43,66.19,85.96,54.06
100.0,100.0,78.84,72.5,0.0,0.18,0.0,0.0,0.06,0.0,0,55.7,77.27,64.24,63.02,88.66,52.93
92.78,95.61,78.93,79.36,-7.22,-7.22,-4.39,-4.39,2.53,1.53,0,59.34,74.29,67.85,63.3,91.89,51.96
85.78,94.36,78.93,63.33,-14.22,-14.22,-5.64,-5.64,5.19,2.29,0,61.1,72.78,67.77,62.31,91.15,51.67
76.79,90.54,79.02,50.51,-23.21,-23.21,-9.46,-9.46,8.52,3.51,0,60.14,68.22,71.63,60.32,82.56,50.93
65.72,85.94,79.06,54.7,-27.07,-34.28,-9.67,-14.06,12.41,5.03,0,61.57,66.56,72.32,59.52,77.42,51.76
56.87,79.9,79.09,50.93,-28.91,-43.13,-14.46,-20.1,15.58,6.88,0,63.43,66.19,75.04,59.68,70.13,52.34
55.7,77.27,79.14,52.76,-21.09,-44.3,-13.27,-22.73,16.2,7.8,0,64.24,63.02,79.18,58.17,60.38,53.39
59.34,74.29,79.19,50.64,-6.38,-33.45,-11.65,-21.32,13.74,7.85,0,67.85,63.3,80.92,57.47,47.68,52.07
61.1,72.78,79.11,40.26,4.23,-24.68,-7.12,-21.58,10.46,7.67,0,67.77,62.31,83.06,56.63,47.17,49.63
60.14,68.22,79.1,46.26,4.44,-16.65,-9.05,-22.31,6.65,7.17,0,71.63,60.32,85.72,55.67,49.13,51.21
61.57,66.56,79.17,56.88,2.23,-4.15,-7.73,-19.38,3.05,6.23,0,72.32,59.52,84.55,52.75,50.69,53.14
63.43,66.19,79.19,50.18,2.33,6.56,-6.59,-13.7,2.5,4.98,0,75.04,59.68,85.96,54.06,53.15,55.17
64.24,63.02,79.17,47.32,4.1,8.55,-5.21,-14.25,2.62,4.73,0,79.18,58.17,88.66,52.93,59.61,55.74
67.85,63.3,79.12,50.46,6.28,8.51,-3.27,-11.0,2.7,4.04,0,80.92,57.47,91.89,51.96,63.86,55.35
67.77,62.31,79.13,35.81,4.34,6.67,-3.89,-10.47,2.88,3.4,0,83.06,56.63,91.15,51.67,69.49,54.29
71.63,60.32,79.13,27.25,7.38,11.49,-2.7,-7.91,3.74,2.58,0,85.72,55.67,82.56,50.93,71.18,55.35
72.32,59.52,79.14,29.88,4.47,10.75,-3.78,-7.04,3.8,2.47,0,84.55,52.75,77.42,51.76,74.2,56.38
75.04,59.68,79.14,18.07,7.27,11.61,-2.63,-6.51,3.98,2.23,0,85.96,54.06,70.13,52.34,78.86,57.55
79.18,58.17,79.22,21.14,7.55,14.94,-2.14,-4.84,4.65,1.83,0,88.66,52.93,60.38,53.39,86.27,58.34
80.92,57.47,79.33,37.75,8.6,13.07,-2.05,-5.83,4.77,1.94,0,91.89,51.96,47.68,52.07,87.54,58.21
83.06,56.63,79.41,30.99,8.01,15.29,-3.05,-5.68,5.14,1.77,0,91.15,51.67,47.17,49.63,91.55,59.11
85.72,55.67,79.44,24.32,6.54,14.1,-2.5,-4.64,5.02,1.59,0,82.56,50.93,49.13,51.21,96.36,59.85
39.58,39.85,30.32,28.91,5.22,17.75,-1.32,-2.42,5.86,1.15,1,49.27,43.88,86.28,46.79,100.0,55.24
40.24,38.24,30.37,20.63,7.06,15.34,-1.25,-1.36,5.16,1.24,1,54.3,44.95,88.35,47.17,100.0,56.45
35.18,39.32,30.35,10.37,-0.71,6.62,-0.91,-3.11,3.66,1.26,1,62.27,45.73,88.99,48.2,100.0,56.12
35.88,39.04,30.44,6.85,-3.7,1.52,-0.82,-2.13,2.43,0.86,1,67.37,44.99,94.43,49.07,100.0,55.95
38.93,40.77,30.41,12.45,-1.31,5.75,2.53,1.28,2.43,0.76,1,74.94,45.5,99.97,49.99,99.31,55.4
46.02,43.46,30.41,3.04,10.84,10.13,4.14,3.24,3.48,1.56,1,79.99,46.41,100.0,50.51,100.0,56.66
49.27,43.88,30.42,5.87,13.39,9.69,4.84,4.03,4.78,2.04,1,86.28,46.79,100.0,50.74,100.0,57.36
54.3,44.95,30.36,11.46,15.37,14.06,4.17,6.7,6.68,2.49,1,88.35,47.17,100.0,52.58,100.0,58.13
62.27,45.73,30.37,10.32,16.26,27.09,2.27,6.41,9.36,2.52,1,88.99,48.2,100.0,53.03,83.51,58.28
67.37,44.99,30.39,7.2,18.11,31.5,1.11,5.96,10.74,2.28,1,94.43,49.07,100.0,53.05,76.53,58.34
74.94,45.5,30.5,1.63,20.64,36.01,0.56,4.73,11.75,1.59,1,99.97,49.99,100.0,53.54,67.62,57.28
79.99,46.41,30.47,3.05,17.71,33.97,0.67,2.94,11.93,0.96,1,100.0,50.51,100.0,54.14,68.08,57.66
86.28,46.79,30.41,2.91,18.91,37.01,1.8,2.91,12.52,0.9,1,100.0,50.74,100.0,55.24,64.45,58.15
88.35,47.17,30.43,10.74,13.41,34.05,1.66,2.22,11.71,0.81,1,100.0,52.58,100.0,56.45,61.05,54.96
88.99,48.2,30.42,9.78,9.0,26.71,1.79,2.47,9.78,1.02,1,100.0,53.03,100.0,56.12,62.19,56.24
94.43,49.07,30.4,0.75,8.15,27.05,2.27,4.07,8.65,1.32,1,100.0,53.05,100.0,55.95,58.15,55.58
99.97,49.99,30.54,4.12,11.62,25.03,2.83,4.49,7.76,1.46,1,100.0,53.54,99.31,55.4,50.77,54.67
100.0,50.51,30.6,9.12,11.01,20.01,2.31,4.1,6.84,1.49,1,100.0,54.14,100.0,56.66,48.44,54.2
100.0,50.74,30.6,5.28,5.57,13.72,1.67,3.94,5.66,1.47,1,100.0,55.24,100.0,57.36,45.97,52.57
100.0,52.58,30.6,1.89,0.03,11.65,2.59,5.42,4.99,1.65,1,100.0,56.45,100.0,58.13,38.96,51.81
100.0,53.03,30.67,16.13,0.0,11.01,2.53,4.83,4.02,1.62,1,100.0,56.12,83.51,58.28,38.49,50.25
100.0,53.05,30.57,8.42,0.0,5.57,2.32,3.99,1.95,1.48,1,100.0,55.95,76.53,58.34,41.82,51.15
100.0,53.54,30.65,6.46,0.0,0.03,0.96,3.55,0.01,1.35,1,99.31,55.4,67.62,57.28,41.45,50.42
100.0,54.14,30.72,1.35,0.0,0.0,1.11,3.64,0.0,1.28,1,100.0,56.66,68.08,57.66,38.6,50.36
100.0,55.24,30.73,6.53,0.0,0.0,2.18,4.5,0.0,1.29,1,100.0,57.36,64.45,58.15,34.64,49.35
100.0,56.45,30.7,6.43,0.0,0.0,2.9,3.86,0.0,1.29,1,100.0,58.13,61.05,54.96,29.11,49.04
100.0,56.12,30.64,11.92,0.0,0.0,1.98,3.09,0.0,1.32,1,83.51,58.28,62.19,56.24,21.98,49.19
100.0,55.95,30.65,20.94,0.0,0.0,0.71,2.9,0.0,1.25,1,76.53,58.34,58.15,55.58,21.67,47.78
99.31,55.4,30.63,32.63,-0.69,-0.69,-1.05,1.86,0.24,0.99,1,67.62,57.28,50.77,54.67,22.66,49.85
100.0,56.66,30.59,23.68,0.0,0.0,0.54,2.52,0.24,0.8,1,68.08,57.66,48.44,54.2,24.91,49.9
100.0,57.36,30.64,22.17,0.0,0.0,1.41,2.12,0.24,0.68,1,64.45,58.15,45.97,52.57,29.33,49.07
100.0,58.13,30.7,28.63,0.69,0.0,2.73,1.68,0.24,0.85,1,61.05,54.96,38.96,51.81,31.01,48.76
83.51,58.28,30.78,20.46,-16.49,-16.49,1.62,2.16,5.74,1.03,1,62.19,56.24,38.49,50.25,33.61,47.28
76.53,58.34,30.89,24.6,-23.47,-23.47,0.98,2.39,9.16,1.1,1,58.15,55.58,41.82,51.15,31.74,48.1
67.62,57.28,30.89,16.47,-32.38,-31.69,-0.85,1.88,12.59,0.98,1,50.77,54.67,41.45,50.42,32.09,48.18
68.08,57.66,30.86,23.31,-15.43,-31.92,-0.62,1.0,13.82,0.57,1,48.44,54.2,38.6,50.36,26.85,45.58
64.45,58.15,30.92,29.23,-12.08,-35.55,-0.19,0.79,13.95,0.41,1,45.97,52.57,34.64,49.35,27.99,45.8
61.05,54.96,30.94,24.79,-6.57,-38.95,-2.33,-3.17,12.57,1.11,1,38.96,51.81,29.11,49.04,25.76,46.09
62.19,56.24,31.03,26.83,-5.89,-21.32,-1.43,-2.05,7.56,1.17,1,38.49,50.25,21.98,49.19,22.03,45.0
58.15,55.58,30.99,30.0,-6.3,-18.38,-2.57,-2.76,5.59,1.21,1,41.82,51.15,21.67,47.78,23.04,46.26
50.77,54.67,31.01,44.38,-10.29,-16.85,-0.29,-2.61,5.56,1.26,1,41.45,50.42,22.66,49.85,20.23,46.63
48.44,54.2,31.03,42.76,-13.75,-19.65,-2.04,-3.47,6.62,1.4,1,38.6,50.36,24.91,49.9,20.58,48.97
45.97,52.57,30.99,46.85,-12.18,-18.48,-3.01,-5.58,6.81,1.61,1,34.64,49.35,29.33,49.07,19.51,47.75
38.96,51.81,31.06,55.32,-11.8,-22.09,-2.86,-3.14,7.96,1.47,1,29.11,49.04,31.01,48.76,24.8,48.92
38.49,50.25,31.02,58.08,-9.95,-23.71,-3.94,-5.98,8.29,1.99,1,21.98,49.19,33.61,47.28,20.69,48.22
41.82,51.15,31.04,48.13,-4.14,-16.32,-1.41,-4.43,6.54,1.83,1,21.67,47.78,31.74,48.1,22.33,50.22
41.45,50.42,31.03,50.15,2.49,-9.32,-1.39,-4.25,4.4,1.62,1,22.66,49.85,32.09,48.18,24.46,49.81
38.6,50.36,31.03,52.1,0.12,-9.84,0.11,-3.84,3.6,1.34,1,24.91,49.9,26.85,45.58,26.97,50.14
34.64,49.35,31.12,42.81,-7.18,-11.33,-1.8,-3.21,3.28,1.0,1,29.33,49.07,27.99,45.8,29.95,52.59
29.11,49.04,31.14,41.87,-12.34,-9.85,-1.38,-2.77,4.09,0.89,1,31.01,48.76,25.76,46.09,29.99,54.93
21.98,49.19,31.24,32.84,-16.63,-16.51,-1.17,-1.06,6.74,0.73,1,33.61,47.28,22.03,45.0,23.45,55.62
21.67,47.78,31.24,44.26,-12.97,-20.15,-1.57,-3.37,8.0,1.04,1,31.74,48.1,23.04,46.26,22.86,57.12
22.66,49.85,31.27,58.29,-6.45,-18.79,0.81,-0.57,7.7,0.84,1,32.09,48.18,20.23,46.63,29.16,59.18
24.91,49.9,31.45,65.1,2.93,-13.69,0.71,-0.46,6.23,0.77,1,26.85,45.58,20.58,48.97,30.3,60.45
29.33,49.07,31.44,72.37,7.66,-5.32,1.29,-0.28,4.5,0.65,1,27.99,45.8,19.51,47.75,28.28,62.31
31.01,48.76,31.48,75.77,8.35,1.9,-1.08,-0.28,3.64,0.66,1,25.76,46.09,24.8,48.92,29.35,64.15
33.61,47.28,31.43,75.3,8.71,11.64,-2.61,-1.91,4.47,0.91,1,22.03,45.0,20.69,48.22,31.43,65.42
31.74,48.1,31.38,72.05,2.41,10.07,-0.97,0.31,4.38,0.93,1,23.04,46.26,22.33,50.22,31.14,66.35
32.09,48.18,31.35,77.84,1.07,9.43,-0.58,-1.66,3.75,0.89,1,20.23,46.63,24.46,49.81,28.66,68.6
26.85,45.58,31.37,76.07,-6.76,1.94,-1.7,-4.32,2.87,1.29,1,20.58,48.97,26.97,50.14,30.88,69.54
27.99,45.8,31.43,67.19,-3.75,-1.34,-2.29,-3.27,2.23,1.28,1,19.51,47.75,29.95,52.59,30.53,72.31
25.76,46.09,31.52,63.74,-6.33,-5.25,-2.1,-2.68,2.76,1.19,1,24.8,48.92,29.99,54.93,33.83,74.29
22.03,45.0,31.51,60.47,-4.82,-11.58,-0.58,-2.28,3.81,1.18,1,20.69,48.22,23.45,55.62,34.25,76.46
23.04,46.26,31.5,53.57,-4.94,-8.7,0.46,-1.84,3.61,1.14,1,22.33,50.22,22.86,57.12,32.9,78.19
20.23,46.63,31.52,52.39,-5.53,-11.86,0.54,-1.56,3.73,0.93,1,24.46,49.81,29.16,59.18,33.9,80.8
20.58,48.97,31.53,42.17,-1.45,-6.27,3.97,3.39,2.87,1.18,1,26.97,50.14,30.3,60.45,34.82,81.88
19.51,47.75,31.57,46.62,-3.53,-8.47,1.49,1.94,2.89,1.22,1,29.95,52.59,28.28,62.31,31.54,83.11
24.8,48.92,31.66,50.85,4.57,-0.96,2.29,2.83,2.2,1.39,1,29.99,54.93,29.35,64.15,31.51,84.9
20.69,48.22,31.64,51.81,0.11,-1.35,-0.75,3.22,1.72,1.37,1,23.45,55.62,31.43,65.42,32.66,87.3
22.33,50.22,31.65,55.12,2.82,-0.71,2.48,3.96,1.73,1.29,1,22.86,57.12,31.14,66.35,32.29,87.62
24.46,49.81,31.69,64.44,-0.34,4.23,0.9,3.19,1.96,1.14,1,29.16,59.18,28.66,68.6,34.78,90.64
26.97,50.14,31.65,63.74,6.29,6.39,1.91,1.17,2.52,0.88,1,30.3,60.45,30.88,69.54,35.79,92.28
29.95,52.59,31.73,66.05,7.61,10.44,2.37,4.85,3.36,1.49,1,28.28,62.31,30.53,72.31,38.09,89.31
29.99,54.93,31.61,69.12,5.53,5.2,5.12,6.01,3.31,2.14,1,29.35,64.15,33.83,74.29,37.93,84.85
23.45,55.62,31.65,72.94,-3.52,2.76,5.48,7.4,3.39,2.59,1,31.43,65.42,34.25,76.46,34.62,82.19
22.86,57.12,31.74,69.06,-7.09,0.52,4.52,6.89,3.03,2.77,1,31.14,66.35,32.9,78.19,42.01,77.56
29.16,59.18,31.78,82.0,-0.83,4.7,4.25,9.37,2.88,3.26,1,28.66,68.6,33.9,80.8,41.32,75.49
30.3,60.45,31.79,81.71,6.85,3.33,4.83,10.31,2.95,3.34,1,30.88,69.54,34.82,81.88,43.77,72.28
28.28,62.31,31.78,89.11,5.42,-1.67,5.19,9.71,2.95,3.14,1,30.53,72.31,31.54,83.11,46.79,70.0
29.35,64.15,31.79,90.89,0.19,-0.64,4.97,9.22,2.9,3.19,1,33.83,74.29,31.51,84.9,40.24,66.91
31.43,65.42,31.76,99.73,1.13,7.99,4.97,9.8,3.1,3.33,1,34.25,76.46,32.66,87.3,37.69,66.88
31.14,66.35,31.8,100.0,2.87,8.29,4.04,9.23,2.69,3.15,1,32.9,78.19,32.29,87.62,37.48,65.26
28.66,68.6,31.86,100.0,-0.69,-0.5,4.45,9.42,1.13,3.1,1,33.9,80.8,34.78,90.64,39.06,63.31
30.88,69.54,31.89,97.58,-0.56,0.58,4.13,9.1,1.16,3.02,1,34.82,81.88,35.79,92.28,39.0,61.06
30.53,72.31,31.99,100.0,-0.62,2.25,5.96,10.0,1.17,3.17,1,31.54,83.11,38.09,89.31,41.32,61.26
33.83,74.29,32.03,100.0,5.17,4.48,5.69,10.14,1.53,3.42,1,31.51,84.9,37.93,84.85,41.93,58.64
34.25,76.46,32.09,99.53,3.37,2.81,6.91,11.04,1.79,3.79,1,32.66,87.3,34.62,82.19,44.8,58.56
32.9,78.19,32.14,99.55,2.37,1.76,5.89,11.84,1.85,4.01,1,32.29,87.62,42.01,77.56,42.61,57.6
33.9,80.8,32.14,100.0,0.07,5.24,6.51,12.2,1.97,4.16,1,34.78,90.64,41.32,75.49,42.52,55.4
34.82,81.88,32.23,95.99,0.57,3.94,5.42,12.33,1.56,4.15,1,35.79,92.28,43.77,72.28,40.69,54.35
31.54,83.11,32.2,96.41,-1.36,1.01,4.91,10.8,1.44,3.73,1,38.09,89.31,46.79,70.0,39.1,51.09
31.51,84.9,32.25,99.13,-2.39,-2.32,4.11,10.62,1.21,3.51,1,37.93,84.85,40.24,66.91,42.63,50.4
32.66,87.3,32.3,82.27,-2.16,-1.58,5.42,10.84,1.2,3.47,1,34.62,82.19,37.69,66.88,41.22,49.97
32.29,87.62,32.32,82.23,0.75,-0.62,4.52,9.43,1.12,3.2,1,42.01,77.56,37.48,65.26,38.66,49.59
34.78,90.64,32.35,78.23,3.28,0.89,5.73,9.84,1.32,3.27,1,41.32,75.49,39.06,63.31,41.17,50.46
35.79,92.28,32.37,86.12,3.12,0.97,4.98,10.41,1.62,3.53,1,43.77,72.28,39.0,61.06,38.56,50.86
38.09,89.31,32.35,93.91,5.8,6.55,1.69,6.21,2.31,2.95,1,46.79,70.0,41.32,61.26,30.67,48.69
37.93,84.85,32.32,89.61,3.14,6.42,-5.79,-0.05,2.49,2.59,1,40.24,66.91,41.93,58.64,26.8,47.21
34.62,82.19,32.28,87.97,-1.16,1.96,-10.09,-5.11,2.12,3.18,1,37.69,66.88,44.8,58.56,26.79,46.6
42.01,77.56,32.38,89.17,3.93,9.73,-11.75,-10.06,2.92,4.79,1,37.48,65.26,42.61,57.6,25.03,46.37
26.52,41.63,58.73,9.6,2.25,4.68,2.96,8.91,1.61,3.31,2,32.33,43.34,32.56,46.45,58.96,49.14
21.05,40.47,58.82,9.25,-6.1,-3.86,1.41,6.03,1.85,2.63,2,27.31,43.27,31.68,45.49,63.92,48.28
24.37,41.77,58.79,13.44,-1.31,-1.28,-0.5,5.58,1.87,2.01,2,26.07,43.77,35.65,45.07,67.93,49.25
24.24,42.7,58.84,9.04,-2.29,-0.04,1.07,4.03,1.86,1.46,2,27.29,45.95,40.77,45.85,72.71,52.06
22.3,42.99,58.88,2.7,1.25,-4.85,2.52,3.93,2.05,1.27,2,30.84,45.34,39.98,46.69,77.04,53.06
25.92,43.89,58.97,12.92,1.54,0.23,2.12,1.62,1.85,1.02,2,33.45,46.09,42.13,46.41,85.12,53.96
32.33,43.34,59.05,13.46,8.09,5.8,0.64,1.71,3.39,1.09,2,32.56,46.45,41.43,47.54,88.38,54.4
27.31,43.27,58.99,21.2,5.01,6.26,0.28,2.8,3.44,1.07,2,31.68,45.49,39.94,47.39,92.55,56.57
26.07,43.77,58.97,16.17,0.15,1.7,-0.12,2.0,2.96,0.67,2,35.65,45.07,42.71,47.09,95.01,56.89
27.29,45.95,58.97,24.17,-5.04,3.06,2.61,3.26,2.89,1.0,2,40.77,45.85,46.99,48.18,100.0,56.14
30.84,45.34,58.99,23.24,3.53,8.54,2.07,2.36,3.07,1.04,2,39.98,46.69,51.21,47.64,100.0,55.88
33.45,46.09,59.04,35.54,7.38,7.53,2.33,2.21,2.88,1.14,2,42.13,46.41,53.56,48.26,100.0,55.31
32.56,46.45,59.02,35.73,5.26,0.23,0.5,3.11,2.79,1.28,2,41.43,47.54,58.96,49.14,100.0,55.94
31.68,45.49,59.08,36.21,0.85,4.38,0.14,2.22,2.72,1.12,2,39.94,47.39,63.92,48.28,100.0,56.81
35.65,45.07,59.1,52.24,2.21,9.58,-1.03,1.3,3.13,0.82,2,42.71,47.09,67.93,49.25,97.74,57.2
40.77,45.85,59.1,49.08,8.22,13.48,-0.61,-0.11,3.9,0.44,2,46.99,48.18,72.71,52.06,100.0,58.84
39.98,46.69,59.16,36.48,8.3,9.15,1.21,1.35,3.69,0.55,2,51.21,47.64,77.04,53.06,100.0,58.95
42.13,46.41,59.14,36.9,6.48,8.68,1.34,0.32,3.98,0.54,2,53.56,48.26,85.12,53.96,100.0,58.09
41.43,47.54,59.19,34.9,0.66,8.87,1.7,1.09,4.05,0.76,2,58.96,49.14,88.38,54.4,100.0,59.2
39.94,47.39,59.27,12.67,-0.05,8.25,0.7,1.9,3.49,0.87,2,63.92,48.28,92.55,56.57,100.0,59.67
42.71,47.09,59.34,7.27,0.58,7.06,0.68,2.02,2.15,0.82,2,67.93,49.25,95.01,56.89,100.0,60.52
46.99,48.18,59.45,5.65,5.56,6.22,0.64,2.34,2.25,0.72,2,72.71,52.06,100.0,56.14,100.0,60.83
51.21,47.64,59.53,0.44,11.27,11.23,0.25,0.94,3.84,0.56,2,77.04,53.06,100.0,55.88,100.0,62.57
53.56,48.26,59.47,2.27,10.85,11.43,1.17,1.85,4.88,0.59,2,85.12,53.96,100.0,55.31,93.16,61.19
58.96,49.14,59.41,1.28,11.97,17.53,0.96,1.59,6.53,0.64,2,88.38,54.4,100.0,55.94,88.64,60.12
63.92,48.28,59.38,8.29,12.71,23.98,0.64,0.89,7.96,0.63,2,92.55,56.57,100.0,56.81,82.56,59.8
67.93,49.25,59.49,12.04,14.37,25.21,0.99,2.16,8.4,0.71,2,95.01,56.89,97.74,57.2,70.52,58.9
72.71,52.06,59.5,5.65,13.75,25.72,2.92,3.88,8.67,1.36,2,100.0,56.14,100.0,58.84,61.45,59.13
77.04,53.06,59.49,2.6,13.12,25.83,4.78,5.42,8.93,1.92,2,100.0,55.88,100.0,58.95,61.8,57.83
85.12,53.96,59.47,9.93,17.2,31.57,4.71,5.7,10.02,2.21,2,100.0,55.31,100.0,58.09,56.86,56.09
88.38,54.4,59.52,0.4,15.67,29.41,2.34,5.26,10.03,2.34,2,100.0,55.94,100.0,59.2,52.39,56.97
92.55,56.57,59.57,2.61,15.51,28.63,3.52,8.29,9.99,2.7,2,100.0,56.81,100.0,59.67,55.14,56.44
95.01,56.89,59.57,0.42,9.88,27.08,2.93,7.64,9.54,2.44,2,97.74,57.2,100.0,60.52,53.5,56.71
100.0,56.14,59.64,2.62,11.62,27.29,1.74,4.08,9.04,1.72,2,100.0,58.84,100.0,60.83,46.44,53.65
100.0,55.88,59.72,12.59,7.45,22.96,-0.69,2.83,7.72,1.35,2,100.0,58.95,100.0,62.57,37.95,52.73
100.0,55.31,59.78,15.83,4.99,14.88,-1.57,1.35,5.61,1.01,2,100.0,58.09,93.16,61.19,36.33,54.16
100.0,55.94,59.82,20.27,0.0,11.62,-0.21,1.54,4.36,0.76,2,100.0,59.2,88.64,60.12,37.12,54.36
100.0,56.81,59.92,30.08,0.0,7.45,0.93,0.24,2.89,0.53,2,100.0,59.67,82.56,59.8,37.79,53.82
97.74,57.2,59.93,16.07,-2.26,2.73,1.89,0.31,1.79,0.62,2,100.0,60.52,70.52,58.9,34.16,52.69
100.0,58.84,59.89,18.76,0.0,0.0,2.91,2.7,0.79,1.09,2,100.0,60.83,61.45,59.13,36.42,50.66
100.0,58.95,59.99,14.42,0.0,0.0,2.13,3.06,0.79,1.34,2,100.0,62.57,61.8,57.83,37.2,49.95
100.0,58.09,60.1,19.24,2.26,0.0,0.89,2.78,0.79,1.3,2,93.16,61.19,56.86,56.09,42.86,49.72
100.0,59.2,60.05,28.7,0.0,0.0,0.35,3.26,0.79,1.15,2,88.64,60.12,52.39,56.97,35.69,47.32
100.0,59.67,60.05,24.05,0.0,0.0,0.73,2.86,0.79,0.99,2,82.56,59.8,55.14,56.44,34.64,44.81
100.0,60.52,60.1,23.98,0.0,2.26,2.43,3.32,0.79,0.99,2,70.52,58.9,53.5,56.71,34.13,44.32
100.0,60.83,60.23,11.44,0.0,0.0,1.63,1.99,0.0,0.9,2,61.45,59.13,46.44,53.65,37.98,46.36
100.0,62.57,60.21,29.27,0.0,0.0,2.89,3.62,0.0,1.36,2,61.8,57.83,37.95,52.73,39.29,48.21
93.16,61.19,60.22,27.6,-6.84,-6.84,0.67,3.1,2.39,1.35,2,56.86,56.09,36.33,54.16,45.55,49.25
88.64,60.12,60.19,34.19,-11.36,-11.36,-0.71,0.92,4.28,1.02,2,52.39,56.97,37.12,54.36,48.57,51.59
82.56,59.8,60.2,26.76,-17.44,-17.44,-2.76,0.13,6.53,0.92,2,55.14,56.44,37.79,53.82,50.19,53.29
70.52,58.9,60.21,23.24,-22.64,-29.48,-2.29,-1.62,10.3,1.07,2,53.5,56.71,34.16,52.69,51.98,54.07
61.45,59.13,60.2,26.13,-27.19,-38.55,-0.98,-1.69,13.63,1.18,2,46.44,53.65,36.42,50.66,53.95,54.74
61.8,57.83,60.23,44.73,-20.76,-38.2,-1.97,-4.73,14.24,1.45,2,37.95,52.73,37.2,49.95,56.89,55.68
56.86,56.09,60.24,48.81,-13.66,-36.3,-2.81,-5.1,13.45,1.54,2,36.33,54.16,42.86,49.72,57.82,56.18
52.39,56.97,60.25,67.21,-9.06,-36.25,-2.17,-3.15,12.5,1.38,2,37.12,54.36,35.69,47.32,61.38,58.01
55.14,56.44,60.32,61.41,-6.66,-27.42,-1.39,-3.36,9.67,1.33,2,37.79,53.82,34.64,44.81,64.17,59.54
53.5,56.71,60.34,51.12,-3.36,-17.02,0.62,-2.19,5.85,1.12,2,34.16,52.69,34.13,44.32,64.87,60.81
46.44,53.65,60.37,60.12,-5.95,-15.01,-3.32,-5.48,4.97,1.56,2,36.42,50.66,37.98,46.36,68.8,63.02
37.95,52.73,60.38,76.89,-17.2,-23.85,-3.71,-5.1,7.17,1.73,2,37.2,49.95,39.29,48.21,70.62,64.17
36.33,54.16,60.42,81.39,-17.17,-20.53,-2.55,-1.93,7.73,1.57,2,42.86,49.72,45.55,49.25,75.74,64.64
37.12,54.36,60.4,88.42,-9.32,-15.27,0.71,-2.61,7.72,1.56,2,35.69,47.32,48.57,51.59,76.15,65.75
37.79,53.82,60.39,88.24,-0.16,-17.35,1.09,-2.61,7.56,1.37,2,34.64,44.81,50.19,53.29,80.28,67.26
34.16,52.69,60.36,90.82,-2.18,-19.34,-1.46,-4.01,6.41,1.25,2,34.13,44.32,51.98,54.07,81.38,68.47
36.42,50.66,60.35,85.82,-0.7,-10.03,-3.7,-2.99,3.63,1.18,2,37.98,46.36,53.95,54.74,81.76,69.47
37.2,49.95,60.39,68.97,-0.59,-0.75,-3.87,-2.78,1.19,1.59,2,39.29,48.21,56.89,55.68,85.38,70.55
42.86,49.72,60.42,73.35,8.7,6.53,-2.98,-4.44,2.47,1.89,2,45.55,49.25,57.82,56.18,88.11,71.76
35.69,47.32,60.45,67.63,-0.73,-1.43,-3.34,-7.04,2.52,2.34,2,48.57,51.59,61.38,58.01,92.4,75.35
34.64,44.81,60.4,45.63,-2.56,-3.15,-5.14,-9.01,2.69,2.84,2,50.19,53.29,64.17,59.54,94.11,77.06
34.13,44.32,60.48,55.22,-8.73,-0.03,-5.4,-8.38,2.83,2.89,2,51.98,54.07,64.87,60.81,99.69,78.47
37.98,46.36,60.44,71.29,2.29,1.56,-0.96,-4.31,2.7,2.38,2,53.95,54.74,68.8,63.02,100.0,80.02
39.29,48.21,60.37,63.85,4.65,2.09,3.39,-1.75,2.8,2.06,2,56.89,55.68,70.62,64.17,100.0,81.39
45.55,49.25,60.44,65.75,11.42,2.69,4.93,-0.47,3.99,1.94,2,57.82,56.18,75.74,64.64,100.0,81.23
48.57,51.59,60.44,51.5,10.59,12.88,5.24,4.27,5.19,2.36,2,61.38,58.01,76.15,65.75,100.0,81.3
50.19,53.29,60.48,38.96,10.91,15.56,5.08,8.47,6.1,3.13,2,64.17,59.54,80.28,67.26,100.0,81.36
51.98,54.07,60.49,27.96,6.43,17.85,4.82,9.75,6.34,3.34,2,64.87,60.81,81.38,68.47,100.0,82.47
53.95,54.74,60.54,34.43,5.38,15.97,3.15,8.39,5.71,2.96,2,68.8,63.02,81.76,69.47,100.0,84.15
56.89,55.68,60.57,27.9,6.69,17.6,2.39,7.47,5.37,2.62,2,70.62,64.17,85.38,70.55,91.42,78.91
57.82,56.18,60.56,18.59,5.85,12.27,2.11,6.93,4.11,2.25,2,75.74,64.64,88.11,71.76,79.65,76.07
61.38,58.01,60.5,18.79,7.43,12.81,3.27,6.42,4.21,1.93,2,76.15,65.75,92.4,75.35,73.63,73.59
64.17,59.54,60.52,7.16,7.28,13.97,3.86,6.25,4.65,2.05,2,80.28,67.26,94.11,77.06,63.04,71.46
64.87,60.81,60.59,10.55,7.05,12.9,4.64,6.74,4.58,2.33,2,81.38,68.47,99.69,78.47,61.8,69.78
68.8,63.02,60.6,14.95,7.42,14.85,5.0,8.28,4.82,2.78,2,81.76,69.47,100.0,80.02,54.7,67.15
70.62,64.17,60.54,3.8,6.45,13.73,4.64,8.5,4.8,3.02,2,85.38,70.55,100.0,81.39,50.13,65.68
75.74,64.64,60.54,7.29,10.86,17.91,3.82,8.46,5.56,2.97,2,88.11,71.76,100.0,81.23,43.14,62.37
76.15,65.75,60.52,10.31,7.35,14.77,2.73,7.74,5.31,2.66,2,92.4,75.35,100.0,81.3,40.53,63.83
80.28,67.26,60.55,22.94,9.66,16.11,3.08,7.72,5.64,2.51,2,94.11,77.06,100.0,81.36,38.22,62.49
81.38,68.47,60.63,33.05,5.64,16.5,3.83,7.65,5.65,2.39,2,99.69,78.47,100.0,82.47,36.37,61.4
81.76,69.47,60.72,37.12,5.62,12.97,3.72,6.45,4.79,2.2,2,100.0,80.02,100.0,84.15,29.34,60.86
85.38,70.55,60.72,39.42,5.1,14.76,3.29,6.37,4.54,2.26,2,100.0,81.39,91.42,78.91,28.44,58.96
88.11,71.76,60.74,34.0,6.73,12.37,3.3,7.13,4.17,2.37,2,100.0,81.23,79.65,76.07,25.23,57.05
92.4,75.35,60.68,36.59,10.64,16.26,5.88,9.6,5.01,2.93,2,100.0,81.3,73.63,73.59,23.87,55.45
94.11,77.06,60.7,42.69,8.73,13.83,6.51,9.8,5.12,3.34,2,100.0,81.36,63.04,71.46,25.45,54.35
99.69,78.47,60.77,23.93,11.59,18.32,6.7,10.0,6.28,3.63,2,100.0,82.47,61.8,69.78,22.78,53.38
100.0,80.02,60.85,14.17,7.6,18.24,4.67,10.55,6.44,3.81,2,100.0,84.15,54.7,67.15,29.04,53.32
100.0,81.39,60.87,16.44,5.89,14.62,4.33,10.84,5.55,3.77,2,91.42,78.91,50.13,65.68,28.21,53.03
100.0,81.23,60.94,16.5,0.31,11.89,2.76,9.46,4.47,3.23,2,79.65,76.07,43.14,62.37,27.37,51.6
100.0,81.3,60.98,2.81,0.0,7.6,1.28,5.95,3.05,2.2,2,73.63,73.59,40.53,63.83,33.64,53.79
100.0,81.36,61.0,1.86,0.0,5.89,-0.03,4.3,2.05,1.6,2,63.04,71.46,38.22,62.49,31.51,52.33
100.0,82.47,60.99,2.2,0.0,0.31,1.24,4.0,0.11,1.19,2,61.8,69.78,36.37,61.4,28.39,52.76
100.0,84.15,60.99,0.3,0.0,0.0,2.85,4.13,0.0,1.2,2,54.7,67.15,29.34,60.86,28.45,51.59
27.78,46.44,80.98,13.27,1.04,2.55,0.63,-0.12,1.18,1.02,3,37.81,44.29,37.05,43.73,30.25,42.72
28.84,46.53,80.98,18.59,2.56,5.09,1.31,-0.73,1.45,1.02,3,32.89,42.77,33.16,42.55,34.85,41.28
31.22,46.09,80.9,24.74,4.85,4.88,0.78,-2.21,1.7,0.96,3,32.05,43.74,37.71,40.8,32.84,40.61
33.72,44.95,80.95,31.63,5.94,6.98,-1.49,-0.86,2.61,0.58,3,34.51,44.42,37.61,38.72,26.62,40.51
31.28,44.68,81.01,32.09,2.44,5.0,-1.85,-0.53,2.6,0.69,3,35.77,42.79,32.54,39.88,25.26,43.27
33.08,45.4,81.03,33.84,1.87,6.72,-0.69,0.09,2.54,0.67,3,38.72,43.31,26.44,39.97,24.76,43.67
37.81,44.29,81.02,33.93,4.09,10.03,-0.66,-2.15,3.09,0.82,3,37.05,43.73,26.37,39.08,25.44,43.07
32.89,42.77,80.94,34.19,1.61,4.05,-1.91,-3.75,2.57,1.15,3,33.16,42.55,27.28,40.3,26.16,42.34
32.05,43.74,80.93,36.04,-1.03,0.84,-1.66,-2.35,2.09,1.01,3,37.71,40.8,27.02,41.19,26.2,43.51
34.51,44.42,80.91,34.69,-3.29,0.8,0.13,-0.53,1.97,0.8,3,37.61,38.72,19.47,42.93,29.44,46.41
35.77,42.79,80.97,26.02,2.87,4.49,0.01,-1.9,2.11,0.9,3,32.54,39.88,20.85,41.33,31.13,48.08
38.72,43.31,80.99,24.35,6.67,5.64,-0.43,-2.09,2.37,0.89,3,26.44,39.97,26.36,41.56,33.36,49.88
37.05,43.73,81.06,19.85,2.54,-0.75,-0.69,-0.56,2.32,0.61,3,26.37,39.08,30.25,42.72,33.44,51.84
33.16,42.55,80.99,25.69,-2.6,0.27,-0.23,-0.22,2.25,0.62,3,27.28,40.3,34.85,41.28,38.18,53.55
37.71,40.8,81.04,37.07,-1.01,5.66,-2.51,-2.95,2.27,1.09,3,27.02,41.19,32.84,40.61,40.81,54.77
37.61,38.72,81.08,28.56,0.56,3.1,-5.0,-5.69,1.83,1.81,3,19.47,42.93,26.62,40.51,42.28,56.76
32.54,39.88,81.15,22.29,-0.63,-3.23,-2.68,-2.91,2.21,1.76,3,20.85,41.33,25.26,43.27,47.34,58.32
26.44,39.97,81.14,9.88,-11.28,-12.29,-0.83,-3.34,4.05,1.78,3,26.36,41.56,24.76,43.67,51.4,58.95
26.37,39.08,81.13,18.45,-11.24,-10.68,0.36,-4.65,4.58,1.71,3,30.25,42.72,25.44,43.07,54.18,61.87
27.28,40.3,81.09,18.71,-5.26,-5.89,0.42,-2.26,4.62,1.16,3,34.85,41.28,26.16,42.34,55.67,63.97
27.02,41.19,81.07,22.79,0.59,-10.69,1.23,0.4,4.82,0.81,3,32.84,40.61,26.2,43.51,56.9,65.72
19.47,42.93,80.94,17.86,-6.9,-18.14,3.85,4.2,5.24,1.31,3,26.62,40.51,29.44,46.41,56.76,67.81
20.85,41.33,80.91,26.08,-6.43,-11.69,1.04,1.46,4.04,1.17,3,25.26,43.27,31.13,48.08,58.62,70.5
26.36,41.56,80.87,21.41,-0.67,-0.08,0.37,1.59,2.99,1.16,3,24.76,43.67,33.36,49.88,60.63,72.24
30.25,42.72,80.8,18.19,10.78,3.88,-0.21,3.64,3.53,1.23,3,25.44,43.07,33.44,51.84,65.43,73.08
34.85,41.28,80.9,17.92,14.0,7.57,-0.06,0.98,4.87,0.85,3,26.16,42.34,38.18,53.55,69.56,76.26
32.84,40.61,80.86,18.68,6.48,5.81,-0.95,-0.58,5.35,0.78,3,26.2,43.51,40.81,54.77,70.38,78.43
26.62,40.51,80.79,12.66,-3.63,7.15,-2.21,-2.42,5.35,0.87,3,29.44,46.41,42.28,56.76,70.94,80.69
25.26,43.27,80.81,14.62,-9.58,4.42,1.99,1.94,4.45,0.95,3,31.13,48.08,47.34,58.32,79.46,82.62
24.76,43.67,80.78,21.89,-8.07,-1.6,3.05,2.11,3.67,1.18,3,33.36,49.88,51.4,58.95,78.65,83.78
25.44,43.07,80.81,16.76,-1.18,-4.81,2.56,0.35,3.77,1.23,3,33.44,51.84,54.18,61.87,84.9,85.64
26.16,42.34,80.85,18.67,0.9,-8.68,-0.93,1.07,3.78,1.21,3,38.18,53.55,55.67,63.97,87.37,88.05
26.2,43.51,80.86,16.22,1.44,-6.64,-0.15,2.9,2.55,1.24,3,40.81,54.77,56.9,65.72,89.78,89.42
29.44,46.41,80.9,17.58,4.0,2.82,3.34,5.9,1.42,1.63,3,42.28,56.76,56.76,67.81,92.07,91.11
31.13,48.08,80.91,11.29,4.96,5.86,5.74,4.81,2.23,1.93,3,47.34,58.32,58.62,70.5,94.98,91.03
33.36,49.88,80.89,4.84,7.16,8.59,6.37,6.22,3.03,2.66,3,51.4,58.95,60.63,72.24,98.56,91.75
33.44,51.84,80.94,6.7,4.0,8.01,5.42,8.77,3.19,3.39,3,54.18,61.87,65.43,73.08,100.0,93.31
38.18,53.55,80.98,9.13,7.05,12.02,5.47,11.21,4.0,3.85,3,55.67,63.97,69.56,76.26,100.0,95.11
40.81,54.77,81.11,5.51,7.45,14.61,4.88,11.25,4.63,3.72,3,56.9,65.72,70.38,78.43,100.0,96.83
42.28,56.76,81.14,5.73,8.84,12.84,4.92,10.34,4.57,3.44,3,56.76,67.81,70.94,80.69,100.0,97.02
47.34,58.32,81.11,15.24,9.15,16.21,4.77,10.24,5.38,3.39,3,58.62,70.5,79.46,82.62,99.38,98.1
51.4,58.95,81.22,20.51,10.59,18.04,4.19,9.07,6.25,3.12,3,60.63,72.24,78.65,83.78,93.92,92.59
54.18,61.87,81.24,20.28,11.9,20.74,5.11,10.03,6.84,3.2,3,65.43,73.08,84.9,85.64,86.58,89.88
55.67,63.97,81.29,20.4,8.33,17.49,5.65,10.43,6.37,3.44,3,69.56,76.26,87.37,88.05,79.03,86.42
56.9,65.72,81.3,9.73,5.5,16.09,6.77,10.95,5.98,3.66,3,70.38,78.43,89.78,89.42,72.56,82.13
56.76,67.81,81.19,11.37,2.58,14.48,5.95,11.06,5.09,3.81,3,70.94,80.69,92.07,91.11,73.54,78.53
58.62,70.5,81.19,16.65,2.94,11.28,6.53,12.18,3.59,4.17,3,79.46,82.62,94.98,91.03,74.77,75.4
60.63,72.24,81.25,12.95,3.73,9.23,6.52,13.28,2.77,4.36,3,78.65,83.78,98.56,91.75,69.55,73.98
65.43,73.08,81.28,20.33,8.67,11.25,5.27,11.22,3.48,3.95,3,84.9,85.64,100.0,93.31,63.38,74.91
69.56,76.26,81.26,9.3,10.94,13.89,5.76,12.28,4.78,4.02,3,87.37,88.05,100.0,95.11,56.29,73.64
70.38,78.43,81.31,10.12,9.75,13.48,6.19,12.71,5.39,4.14,3,89.78,89.42,100.0,96.83,55.29,70.33
70.94,80.69,81.27,19.39,5.51,14.18,7.6,12.87,5.5,4.2,3,92.07,91.11,100.0,97.02,53.25,67.33
79.46,82.62,81.32,15.44,9.9,20.85,6.36,12.12,6.51,4.21,3,94.98,91.03,99.38,98.1,47.68,67.11
78.65,83.78,81.28,3.87,8.27,18.02,5.35,11.54,6.22,4.18,3,98.56,91.75,93.92,92.59,54.21,63.29
84.9,85.64,81.32,1.4,13.96,19.47,4.96,12.56,6.39,4.1,3,100.0,93.31,86.58,89.88,48.1,61.47
87.37,88.05,81.34,5.64,7.9,17.81,5.43,11.8,6.7,3.79,3,100.0,95.11,79.03,86.42,47.58,60.76
89.78,89.42,81.29,10.18,11.13,19.4,5.64,10.99,7.08,3.63,3,100.0,96.83,72.56,82.13,46.39,57.26
92.07,91.11,81.24,9.9,7.16,21.13,5.47,10.43,6.84,3.52,3,100.0,97.02,73.54,78.53,44.32,55.72
94.98,91.03,81.22,13.16,7.62,15.52,2.97,8.41,5.7,3.17,3,99.38,98.1,74.77,75.4,40.13,53.66
98.56,91.75,81.25,21.34,8.78,19.91,2.32,7.97,6.12,2.8,3,93.92,92.59,69.55,73.98,38.82,52.99
100.0,93.31,81.24,16.31,7.93,15.1,2.2,7.67,5.22,2.37,3,86.58,89.88,63.38,74.91,37.71,52.46
100.0,95.11,81.29,17.36,5.02,12.63,4.08,7.06,4.72,2.17,3,79.03,86.42,56.29,73.64,35.94,52.39
100.0,96.83,81.35,24.33,1.44,10.22,5.08,7.41,3.93,2.4,3,72.56,82.13,55.29,70.33,38.74,53.34
100.0,97.02,81.45,26.38,0.0,7.93,3.71,5.91,2.94,2.41,3,73.54,78.53,53.25,67.33,38.21,52.56
99.38,98.1,81.51,24.14,-0.62,4.4,2.98,7.07,1.71,2.56,3,74.77,75.4,47.68,67.11,35.42,52.06
93.92,92.59,81.49,25.84,-6.08,-4.64,-4.24,0.84,2.07,2.28,3,69.55,73.98,54.21,63.29,42.05,51.77
86.58,89.88,81.52,29.75,-13.42,-13.42,-7.15,-3.44,4.78,2.71,3,63.38,74.91,48.1,61.47,41.74,52.81
79.03,86.42,81.55,35.93,-20.35,-20.97,-11.68,-8.69,7.71,3.98,3,56.29,73.64,47.58,60.76,43.91,52.1
72.56,82.13,81.57,35.71,-21.37,-27.44,-10.46,-14.7,10.28,5.59,3,55.29,70.33,46.39,57.26,48.63,50.72
73.54,78.53,81.61,44.25,-13.03,-26.46,-11.34,-18.49,10.83,6.8,3,53.25,67.33,44.32,55.72,51.87,49.64
74.77,75.4,81.65,37.86,-4.25,-24.6,-11.02,-22.7,9.87,7.44,3,47.68,67.11,40.13,53.66,54.02,50.44
69.55,73.98,81.69,47.94,-3.0,-24.37,-8.15,-18.61,8.08,6.66,3,54.21,63.29,38.82,52.99,57.63,47.62
63.38,74.91,81.73,42.18,-10.17,-23.2,-3.63,-14.97,6.75,5.71,3,48.1,61.47,37.71,52.46,60.55,47.66
56.29,73.64,81.73,43.2,-18.48,-22.74,-1.76,-12.78,7.12,4.47,3,47.58,60.76,35.94,52.39,58.05,46.66
55.29,70.33,81.69,44.99,-14.26,-17.26,-3.65,-11.8,7.59,3.51,3,46.39,57.26,38.74,53.34,61.26,47.32
53.25,67.33,81.75,39.04,-10.13,-20.3,-7.57,-11.2,8.36,3.36,3,44.32,55.72,38.21,52.56,59.83,46.68
47.68,67.11,81.8,43.88,-8.61,-27.1,-6.53,-8.29,8.9,3.27,3,40.13,53.66,35.42,52.06,63.35,47.45
54.21,63.29,81.78,38.95,-1.08,-15.34,-7.04,-10.69,6.66,4.03,3,38.82,52.99,42.05,51.77,63.05,49.14
48.1,61.47,81.74,41.63,-5.15,-15.28,-5.87,-13.44,4.93,4.64,3,37.71,52.46,41.74,52.81,67.77,48.82
47.58,60.76,81.79,38.65,-0.1,-8.71,-6.35,-12.88,3.56,4.39,3,35.94,52.39,43.91,52.1,70.95,48.88
46.39,57.26,81.76,24.72,-7.82,-8.9,-6.03,-13.07,3.45,4.2,3,38.74,53.34,48.63,50.72,60.81,49.11
44.32,55.72,81.88,29.11,-3.78,-8.93,-5.75,-11.61,3.34,4.14,3,38.21,52.56,51.87,49.64,60.44,49.89
40.13,53.66,81.9,30.5,-7.45,-7.55,-7.1,-13.45,3.94,4.31,3,35.42,52.06,54.02,50.44,55.7,48.91
38.82,52.99,81.91,23.99,-7.58,-15.4,-4.28,-10.3,4.82,3.73,3,42.05,51.77,57.63,47.62,53.71,48.01
37.71,52.46,81.96,32.64,-6.6,-10.38,-3.26,-9.01,4.02,3.39,3,41.74,52.81,60.55,47.66,51.68,48.76
35.94,52.39,82.01,29.16,-4.19,-11.64,-1.28,-8.37,4.19,2.88,3,43.91,52.1,58.05,46.66,50.67,48.9
38.74,53.34,82.12,22.23,-0.08,-7.66,0.36,-3.92,3.46,1.7,3,48.63,50.72,61.26,47.32,47.51,49.09
38.21,52.56,82.11,10.35,0.5,-6.11,0.1,-3.16,2.43,1.08,3,51.87,49.64,59.83,46.68,38.48,49.38
35.42,52.06,82.09,1.55,-0.52,-4.7,-0.33,-1.6,1.54,0.53,3,54.02,50.44,63.35,47.45,40.96,47.95
42.05,51.77,82.14,7.07,3.32,3.23,-1.57,-1.22,2.02,0.49,3,57.63,47.62,63.05,49.14,46.8,48.76
41.74,52.81,82.11,1.28,3.53,4.02,0.25,0.36,2.39,0.47,3,60.55,47.66,67.77,48.82,50.58,46.41
43.91,52.1,82.08,1.16,8.49,7.98,0.04,-0.29,2.99,0.49,3,58.05,46.66,70.95,48.88,52.81,46.12
48.63,50.72,82.03,8.7,6.58,9.89,-1.05,-2.62,4.0,0.78,3,61.26,47.32,60.81,49.11,58.48,46.68
51.87,49.64,81.98,2.74,10.14,13.66,-3.17,-2.91,5.26,1.03,3,59.83,46.68,60.44,49.89,63.04,45.36
54.02,50.44,81.94,2.06,10.1,18.6,-1.66,-1.62,6.01,1.04,3,63.35,47.45,55.7,48.91,67.86,46.54
57.63,47.62,82.02,7.39,9.0,15.57,-3.1,-4.15,5.78,1.61,3,63.05,49.14,53.71,48.01,70.03,46.06
60.55,47.66,82.09,11.8,8.68,18.81,-1.99,-5.15,6.4,1.86,3,67.77,48.82,51.68,48.76,77.16,47.1
58.05,46.66,82.12,10.24,4.03,14.14,-3.78,-5.43,5.42,1.84,3,70.95,48.88,50.67,48.9,82.9,45.83
61.26,47.32,82.17,8.53,3.64,12.63,-0.3,-3.4,4.32,1.52,3,60.81,49.11,47.51,49.09,90.26,45.41
59.83,46.68,82.21,0.2,-0.72,7.95,-0.98,-2.97,3.23,1.36,3,60.44,49.89,38.48,49.38,93.03,45.42
38.39,40.41,47.72,2.78,1.8,6.24,-2.55,-3.96,2.97,1.23,4,39.3,40.66,27.07,44.09,63.01,52.76
37.04,42.64,47.72,3.59,-0.19,2.35,-0.06,0.21,2.44,0.93,4,37.44,41.65,25.62,44.42,64.4,52.11
43.06,42.14,47.74,18.17,1.44,9.64,1.3,-0.28,3.0,0.92,4,40.06,41.2,27.34,45.49,68.48,53.09
44.93,41.14,47.76,16.23,6.54,8.34,0.73,-1.82,3.09,0.94,4,35.36,41.31,26.39,46.37,71.51,53.35
40.49,41.78,47.83,15.19,3.45,3.26,-0.86,-0.91,2.79,0.83,4,33.99,43.2,27.31,43.63,71.17,54.4
41.38,40.88,47.89,21.74,-1.67,-0.24,-1.26,0.04,2.48,0.74,4,32.84,43.73,32.87,45.01,73.42,53.38
39.3,40.66,47.95,28.29,-5.63,0.9,-0.49,0.24,2.52,0.76,4,27.07,44.09,37.8,45.42,72.35,54.7
37.44,41.65,47.93,25.01,-3.05,0.4,-0.13,-0.99,2.66,0.66,4,25.62,44.42,41.36,46.71,76.19,55.39
40.06,41.2,47.85,9.68,-1.32,-2.99,0.32,-0.94,2.28,0.49,4,27.34,45.49,44.51,48.51,81.58,55.28
35.36,41.31,47.81,4.06,-3.93,-9.57,0.66,0.17,2.8,0.37,4,26.39,46.37,47.2,50.58,81.08,56.31
33.99,43.2,47.87,4.18,-3.45,-6.5,1.54,1.41,2.57,0.78,4,27.31,43.63,54.11,51.78,87.15,57.1
32.84,43.73,47.92,3.08,-7.22,-8.54,2.54,2.86,3.0,1.1,4,32.87,45.01,59.39,51.99,88.64,56.98
27.07,44.09,47.98,0.84,-8.29,-12.23,2.77,3.43,4.12,1.27,4,37.8,45.42,63.01,52.76,83.5,55.92
25.62,44.42,47.99,0.03,-8.37,-11.83,1.23,2.77,4.86,1.28,4,41.36,46.71,64.4,52.11,76.47,56.74
27.34,45.49,48.08,0.02,-5.5,-12.72,1.75,4.29,4.89,1.47,4,44.51,48.51,68.48,53.09,76.73,56.36
26.39,46.37,48.06,8.74,-0.68,-8.98,2.28,5.05,3.79,1.51,4,47.2,50.58,71.51,53.35,74.18,55.8
27.31,43.63,48.06,18.6,1.7,-6.68,-0.8,0.43,3.08,1.04,4,54.11,51.78,71.17,54.4,72.54,54.83
32.87,45.01,48.15,21.47,5.53,0.03,-0.48,1.28,2.82,0.93,4,59.39,51.99,73.42,53.38,63.93,53.81
37.8,45.42,48.14,35.12,11.42,10.74,-0.95,1.33,4.14,0.87,4,63.01,52.76,72.35,54.7,62.06,52.38
41.36,46.71,48.17,30.43,14.05,15.75,3.08,2.29,5.78,0.99,4,64.4,52.11,76.19,55.39,57.98,52.9
44.51,48.51,48.22,16.74,11.63,17.16,3.5,3.02,6.84,1.42,4,68.48,53.09,81.58,55.28,52.48,54.12
47.2,50.58,48.23,2.33,9.39,20.81,5.17,4.22,7.59,2.15,4,71.51,53.35,81.08,56.31,53.92,55.15
54.11,51.78,48.24,0.64,12.75,26.79,5.07,8.15,8.33,2.8,4,71.17,54.4,87.15,57.1,48.12,54.27
59.39,51.99,48.32,4.98,14.89,26.52,3.49,6.98,8.51,2.73,4,73.42,53.38,88.64,56.98,48.22,54.98
63.01,52.76,48.33,13.34,15.81,25.2,2.18,7.34,8.74,2.63,4,72.35,54.7,83.5,55.92,44.48,54.88
64.4,52.11,48.38,18.39,10.29,23.04,0.33,5.4,8.55,2.06,4,76.19,55.39,76.47,56.74,47.4,53.91
68.48,53.09,48.39,24.69,9.09,23.98,1.09,4.58,8.35,1.44,4,81.58,55.28,76.73,56.36,52.72,51.92
71.51,53.35,48.39,40.86,8.51,24.32,0.59,2.77,7.77,0.87,4,81.08,56.31,74.18,55.8,50.0,50.67
71.17,54.4,48.33,39.99,6.77,17.06,2.29,2.62,5.93,0.85,4,87.15,57.1,72.54,54.83,49.1,49.0
73.42,53.38,48.37,36.95,4.94,14.03,0.29,1.38,4.8,0.76,4,88.64,56.98,63.93,53.81,45.72,48.83
72.35,54.7,48.46,48.87,0.83,9.34,1.35,1.94,3.76,0.83,4,83.5,55.92,62.06,52.38,50.13,49.77
76.19,55.39,48.54,62.33,5.02,11.79,0.99,3.27,3.48,1.03,4,76.47,56.74,57.98,52.9,54.59,49.49
81.58,55.28,48.57,65.85,8.16,13.1,1.9,2.19,3.93,0.89,4,76.73,56.36,52.48,54.12,57.59,51.42
81.08,56.31,48.71,70.97,8.73,9.57,1.61,2.96,4.09,1.0,4,74.18,55.8,53.92,55.15,61.31,51.15
87.15,57.1,48.72,74.02,10.96,15.99,1.72,2.71,5.45,1.14,4,72.54,54.83,48.12,54.27,60.94,51.26
88.64,56.98,48.81,85.0,7.06,15.22,1.7,3.6,5.93,1.23,4,63.93,53.81,48.22,54.98,63.65,53.51
83.5,55.92,48.84,88.68,2.42,11.15,-0.39,1.22,5.33,0.83,4,62.06,52.38,44.48,54.88,67.38,54.96
76.47,56.74,48.88,93.67,-10.68,0.29,-0.37,1.35,4.44,0.69,4,57.98,52.9,47.4,53.91,68.6,56.76
76.73,56.36,48.94,80.8,-11.91,-4.85,-0.62,1.08,4.34,0.59,4,52.48,54.12,52.72,51.92,71.69,58.22
74.18,55.8,48.86,89.11,-9.32,-6.9,-0.12,-0.51,5.18,0.47,4,53.92,55.15,50.0,50.67,74.91,59.31
72.54,54.83,48.89,98.54,-3.93,-14.61,-1.91,-2.28,5.98,0.74,4,48.12,54.27,49.1,49.0,76.07,60.33
63.93,53.81,48.95,87.9,-12.8,-24.71,-2.56,-3.18,7.32,1.04,4,48.22,54.98,45.72,48.83,79.83,62.3
62.06,52.38,48.95,73.04,-12.12,-21.44,-3.42,-3.54,6.96,1.44,4,44.48,54.88,50.13,49.77,85.86,62.05
57.98,52.9,48.93,86.3,-14.56,-18.49,-1.92,-3.83,7.07,1.58,4,47.4,53.91,54.59,49.49,88.56,62.46
52.48,54.12,48.96,81.88,-11.45,-24.25,0.31,-2.25,8.38,1.35,4,52.72,51.92,57.59,51.42,89.47,62.66
53.92,55.15,48.94,81.54,-8.14,-20.26,2.77,-0.65,7.87,1.13,4,50.0,50.67,61.31,51.15,91.99,63.77
48.12,54.27,48.96,90.67,-9.86,-24.42,1.36,-0.56,7.6,0.92,4,49.1,49.0,60.94,51.26,94.96,66.87
48.22,54.98,48.97,88.95,-4.27,-15.71,0.86,1.17,5.84,0.94,4,45.72,48.83,63.65,53.51,99.7,67.34
44.48,54.88,48.98,81.2,-9.44,-17.58,-0.26,2.51,5.67,0.99,4,50.13,49.77,67.38,54.96,100.0,69.31
47.4,53.91,49.08,77.09,-0.72,-10.58,-0.36,1.0,4.28,0.72,4,54.59,49.49,68.6,56.76,100.0,70.76
52.72,51.92,49.01,87.38,4.5,0.23,-3.05,-2.19,3.2,1.02,4,57.59,51.42,71.69,58.22,100.0,72.76
50.0,50.67,49.04,79.78,5.52,-3.92,-4.22,-4.48,3.0,1.6,4,61.31,51.15,74.91,59.31,92.5,71.58
49.1,49.0,49.03,77.0,1.7,0.97,-4.9,-5.26,2.33,2.14,4,60.94,51.26,76.07,60.33,86.54,68.81
45.72,48.83,49.03,74.83,-7.0,-2.5,-3.1,-6.15,2.54,2.44,4,63.65,53.51,79.83,62.3,81.29,67.82
50.13,49.77,49.07,87.35,0.13,5.65,-0.9,-5.12,2.62,2.21,4,67.38,54.96,85.86,62.05,73.85,65.49
54.59,49.49,49.11,97.22,5.49,7.19,0.48,-4.42,2.79,1.7,4,68.6,56.76,88.56,62.46,69.42,62.63
57.59,51.42,49.09,85.33,11.87,4.87,2.59,-0.51,3.61,1.11,4,71.69,58.22,89.47,62.66,67.46,61.68
61.31,51.15,49.1,95.63,11.18,11.31,1.38,0.48,5.03,0.96,4,74.91,59.31,91.99,63.77,60.86,59.81
60.94,51.26,49.07,95.12,6.35,11.84,1.77,2.25,5.63,1.03,4,76.07,60.33,94.96,66.87,55.43,59.95
63.65,53.51,49.14,99.08,6.06,17.93,2.09,4.68,6.04,1.45,4,79.83,62.3,99.7,67.34,54.09,57.98
67.38,54.96,49.12,100.0,6.07,17.25,3.81,5.19,5.35,1.82,4,85.86,62.05,100.0,69.31,48.28,55.91
68.6,56.76,49.19,100.0,7.66,14.01,5.51,7.28,4.65,2.35,4,88.56,62.46,100.0,70.76,47.12,53.39
71.69,58.22,49.07,100.0,8.04,14.1,4.71,6.8,4.6,2.64,4,89.47,62.66,100.0,72.76,43.7,52.73
74.91,59.31,49.13,99.4,7.52,13.59,4.35,8.17,4.89,3.0,4,91.99,63.77,92.5,71.58,44.65,53.12
76.07,60.33,49.15,100.0,7.47,15.13,3.57,9.08,5.19,3.03,4,94.96,66.87,86.54,68.81,40.11,52.48
79.83,62.3,49.12,100.0,8.14,16.19,4.08,8.79,5.19,2.84,4,99.7,67.34,81.29,67.82,34.35,54.88
85.86,62.05,49.15,95.32,10.95,18.48,2.73,7.09,6.0,2.5,4,100.0,69.31,73.85,65.49,31.46,54.68
88.56,62.46,49.16,100.0,12.49,19.96,2.12,5.69,6.74,2.05,4,100.0,70.76,69.42,62.63,35.58,53.99
89.47,62.66,49.11,100.0,9.64,17.78,0.36,4.44,6.57,1.63,4,100.0,72.76,67.46,61.68,37.69,52.48
91.99,63.77,49.11,92.44,6.13,17.08,1.72,4.46,6.33,1.4,4,92.5,71.58,60.86,59.81,39.65,53.05
94.96,66.87,49.2,85.62,6.4,18.89,4.41,6.54,6.19,1.87,4,86.54,68.81,55.43,59.95,39.68,51.42
99.7,67.34,49.13,93.78,10.23,19.87,4.68,5.04,5.92,2.08,4,81.29,67.82,54.09,57.98,37.96,49.84
100.0,69.31,49.13,92.44,8.01,14.14,5.54,7.27,5.1,2.67,4,73.85,65.49,48.28,55.91,46.69,48.15
100.0,70.76,49.13,79.49,5.04,11.44,3.89,8.3,4.68,3.04,4,69.42,62.63,47.12,53.39,45.13,48.58
100.0,72.76,49.09,84.6,0.3,10.53,5.42,10.1,4.12,3.36,4,67.46,61.68,43.7,52.73,37.93,48.44
92.5,71.58,49.07,71.66,-7.5,0.51,2.27,7.81,3.46,2.89,4,60.86,59.81,44.65,53.12,34.99,48.64
86.54,68.81,49.06,57.09,-13.46,-8.42,-1.95,1.94,4.84,2.02,4,55.43,59.95,40.11,52.48,38.42,48.34
81.29,67.82,49.13,61.71,-18.71,-18.41,-4.93,0.49,7.16,1.85,4,54.09,57.98,34.35,54.88,36.71,47.68
73.85,65.49,49.28,66.15,-18.65,-26.15,-6.1,-3.83,9.65,2.27,4,48.28,55.91,31.46,54.68,40.09,46.8
69.42,62.63,49.38,60.87,-17.12,-30.58,-6.17,-8.12,11.2,3.31,4,47.12,53.39,35.58,53.99,44.94,45.79
67.46,61.68,49.4,60.95,-13.83,-32.54,-6.14,-11.07,11.28,3.91,4,43.7,52.73,37.69,52.48,46.83,46.75
60.86,59.81,49.49,60.08,-13.0,-31.64,-5.68,-11.77,10.43,3.94,4,44.65,53.12,39.65,53.05,51.61,47.75
55.43,59.95,49.55,64.57,-13.99,-31.11,-2.69,-8.86,10.11,3.39,4,40.11,52.48,39.68,51.42,57.4,47.05
54.09,57.98,49.55,72.33,-13.37,-27.2,-3.71,-9.85,9.18,3.2,4,34.35,54.88,37.96,49.84,57.63,47.24
48.28,55.91,49.58,86.13,-12.58,-25.58,-3.9,-9.57,8.6,2.9,4,31.46,54.68,46.69,48.15,65.99,46.04
47.12,53.39,49.57,83.22,-8.31,-22.3,-6.56,-9.24,8.12,3.02,4,35.58,53.99,45.13,48.58,71.13,44.69
43.7,52.73,49.56,71.52,-10.38,-23.76,-5.25,-8.96,7.71,3.19,4,37.69,52.48,37.93,48.44,77.63,45.51
44.65,53.12,49.5,73.91,-3.62,-16.2,-2.79,-6.69,5.87,2.92,4,39.65,53.05,34.99,48.64,81.71,44.73
40.11,52.48,49.52,88.65,-7.01,-15.32,-0.91,-7.46,5.13,2.72,4,39.68,51.42,38.42,48.34,88.52,43.99
34.35,54.88,49.49,96.49,-9.35,-19.73,2.15,-3.1,5.8,1.87,4,37.96,49.84,36.71,47.68,96.06,43.67
31.46,54.68,49.51,100.0,-13.19,-16.81,1.56,-1.24,5.93,1.19,4,46.69,48.15,40.09,46.8,100.0,43.8
35.58,53.99,49.52,100.0,-4.53,-11.54,1.51,0.6,5.47,0.86,4,45.13,48.58,44.94,45.79,100.0,45.5
37.69,52.48,49.49,95.46,3.34,-6.01,-2.4,-0.25,4.52,0.95,4,37.93,48.44,46.83,46.75,100.0,44.29
39.65,53.05,49.5,100.0,8.18,-5.01,-1.63,-0.07,4.01,0.92,4,34.99,48.64,51.61,47.75,99.67,42.22
39.68,51.42,49.6,99.51,4.1,-0.43,-2.57,-1.06,3.02,1.18,4,38.42,48.34,57.4,47.05,100.0,42.62
37.96,49.84,49.54,100.0,0.27,3.61,-2.64,-5.04,2.78,1.69,4,36.71,47.68,57.63,47.24,100.0,43.12
46.69,48.15,49.5,100.0,7.05,15.23,-4.9,-6.53,4.29,2.15,4,40.09,46.8,65.99,46.04,100.0,44.68
45.13,48.58,49.43,94.58,5.45,9.55,-2.84,-5.41,3.77,2.1,4,44.94,45.79,71.13,44.69,100.0,45.73
37.93,48.44,49.34,84.0,-0.03,0.24,-1.4,-4.04,3.42,1.88,4,46.83,46.75,77.63,45.51,100.0,45.79
34.99,48.64,49.37,91.15,-11.7,-4.65,0.49,-4.41,3.86,1.71,4,51.61,47.75,81.71,44.73,100.0,45.12
25.95,52.64,73.46,59.91,5.36,8.45,4.66,6.52,2.86,2.28,5,28.82,62.42,29.79,74.35,36.77,98.19
23.22,53.56,73.56,63.12,-1.66,1.17,3.89,5.59,1.95,2.48,5,28.76,64.48,31.44,77.92,38.0,99.56
23.46,55.33,73.58,69.01,-2.22,1.77,4.09,9.04,1.87,2.96,5,30.74,67.1,32.39,78.57,35.06,100.0
22.47,56.57,73.61,68.21,-3.47,1.88,3.93,8.58,1.77,2.82,5,29.51,68.28,31.07,80.47,36.14,100.0
25.5,57.49,73.65,76.94,2.28,0.62,3.92,7.82,1.28,2.64,5,28.06,69.83,33.75,82.0,36.79,100.0
27.9,59.5,73.66,70.26,4.44,2.21,4.17,8.26,1.77,2.69,5,28.47,72.68,32.9,83.53,35.19,100.0
28.82,62.42,73.68,63.15,6.34,2.87,5.85,9.78,2.24,3.15,5,29.79,74.35,31.4,85.56,32.91,100.0
28.76,64.48,73.68,67.03,3.26,5.54,7.0,10.92,2.55,3.61,5,31.44,77.92,30.61,88.21,37.17,100.0
30.74,67.1,73.77,74.99,2.85,7.28,7.6,11.77,2.83,4.06,5,32.39,78.57,29.0,91.18,37.35,100.0
29.51,68.28,73.79,71.39,0.69,7.04,5.86,11.72,2.59,4.27,5,31.07,80.47,31.08,92.27,36.77,100.0
28.06,69.83,73.78,66.01,-0.7,2.56,5.35,12.35,1.5,4.26,5,33.75,82.0,33.78,94.12,34.69,100.0
28.47,72.68,73.81,85.78,-2.27,0.57,5.58,13.18,0.9,4.18,5,32.9,83.53,34.22,94.99,33.18,100.0
29.79,74.35,73.83,87.84,0.28,0.97,6.07,11.94,0.84,3.94,5,31.4,85.56,36.77,98.19,32.06,100.0
31.44,77.92,73.81,94.71,3.38,2.68,8.09,13.44,1.14,4.27,5,30.61,88.21,38.0,99.56,33.85,100.0
32.39,78.57,73.87,100.0,3.92,1.65,5.89,11.47,1.45,4.2,5,29.0,91.18,35.06,100.0,32.79,100.0
31.07,80.47,73.8,89.93,1.28,1.56,6.11,12.19,1.48,4.27,5,31.08,92.27,36.14,100.0,34.49,100.0
33.75,82.0,73.77,91.77,2.31,5.69,4.08,12.17,1.91,4.07,5,33.78,94.12,36.79,100.0,37.16,95.81
32.9,83.53,73.82,82.47,0.51,4.43,4.96,10.85,1.69,3.64,5,34.22,94.99,35.19,100.0,32.34,90.89
31.4,85.56,73.89,92.38,0.33,1.61,5.09,11.2,1.21,3.48,5,36.77,98.19,32.91,100.0,29.8,86.35
30.61,88.21,73.87,100.0,-3.14,-0.83,6.21,10.29,1.03,3.46,5,38.0,99.56,37.17,100.0,28.11,83.15
29.0,91.18,73.86,100.0,-3.89,-3.39,7.65,12.61,1.46,4.1,5,35.06,100.0,37.35,100.0,25.24,79.85
31.08,92.27,73.86,100.0,-0.32,0.02,6.72,11.8,1.43,4.2,5,36.14,100.0,36.77,100.0,30.19,76.69
33.78,94.12,73.88,100.0,3.17,0.02,5.91,12.12,1.64,4.27,5,36.79,100.0,34.69,100.0,32.35,74.54
34.22,94.99,73.86,100.0,5.22,1.33,3.81,11.46,1.73,4.02,5,35.19,100.0,33.18,100.0,32.57,73.02
36.77,98.19,73.92,100.0,5.69,5.37,5.92,12.63,2.44,3.93,5,32.91,100.0,32.06,100.0,28.98,72.23
38.0,99.56,73.93,93.41,4.23,7.39,5.44,11.35,3.07,3.66,5,37.17,100.0,33.85,100.0,30.14,68.06
35.06,100.0,73.96,98.91,0.83,6.05,5.01,8.82,2.89,3.27,5,37.35,100.0,32.79,100.0,28.13,66.14
36.14,100.0,74.01,98.57,-0.63,5.06,1.81,7.73,2.1,2.94,5,36.77,100.0,34.49,100.0,28.91,68.67
36.79,100.0,74.04,100.0,-1.21,3.02,0.44,5.88,1.42,2.34,5,34.69,100.0,37.16,95.81,32.47,69.84
35.19,100.0,74.03,95.79,0.13,0.96,0.0,5.01,1.19,1.73,5,33.18,100.0,32.34,90.89,34.74,72.14
32.91,100.0,74.11,100.0,-3.23,-3.86,0.0,1.81,1.52,0.63,5,32.06,100.0,29.8,86.35,34.81,73.16
37.17,100.0,74.28,98.18,0.37,-0.84,0.0,0.44,1.56,0.15,5,33.85,100.0,28.11,83.15,38.86,75.21
37.35,100.0,74.32,100.0,2.17,2.3,0.0,0.0,1.45,0.0,5,32.79,100.0,25.24,79.85,39.87,77.58
36.77,100.0,74.35,100.0,3.86,0.63,0.0,0.0,1.45,0.0,5,34.49,100.0,30.19,76.69,39.86,79.4
34.69,100.0,74.36,95.13,-2.48,-2.11,0.0,0.0,1.52,0.0,5,37.16,95.81,32.35,74.54,42.28,82.79
33.18,100.0,74.37,83.48,-4.17,-2.0,0.0,0.0,1.71,0.0,5,32.34,90.89,32.57,73.02,38.53,84.85
32.06,100.0,74.42,87.92,-4.71,-0.85,0.0,0.0,2.06,0.0,5,29.8,86.35,28.98,72.23,42.44,86.68
33.85,100.0,74.45,80.91,-0.84,-3.31,0.0,0.0,1.95,0.0,5,28.11,83.15,30.14,68.06,40.36,87.87
32.79,100.0,74.41,89.42,-0.4,-4.57,0.0,0.0,1.86,0.0,5,25.24,79.85,28.13,66.14,40.57,89.64
34.49,100.0,74.43,95.64,2.44,-2.28,0.0,0.0,1.43,0.0,5,30.19,76.69,28.91,68.67,41.21,92.78
37.16,95.81,74.49,98.68,3.31,2.47,-4.19,-4.19,1.54,1.47,5,32.35,74.54,32.47,69.84,40.24,95.73
32.34,90.89,74.53,100.0,-0.44,-0.84,-9.11,-9.11,1.62,3.28,5,32.57,73.02,34.74,72.14,41.56,98.05
29.8,86.35,74.54,89.1,-4.7,-2.26,-13.65,-13.65,2.12,5.11,5,28.98,72.23,34.81,73.16,42.14,100.0
28.11,83.15,74.5,88.18,-9.05,-5.74,-12.66,-16.85,2.78,6.51,5,30.14,68.06,38.86,75.21,43.01,100.0
25.24,79.85,74.57,84.83,-7.1,-7.55,-11.04,-20.15,3.72,7.49,5,28.13,66.14,39.87,77.58,46.64,100.0
30.19,76.69,74.64,88.26,0.4,-4.3,-9.66,-23.31,3.69,7.86,5,28.91,68.67,39.86,79.4,49.36,100.0
32.35,74.54,74.72,83.88,4.24,-4.81,-8.61,-21.27,3.48,7.1,5,32.47,69.84,42.28,82.79,50.1,100.0
32.57,73.02,74.68,92.01,7.33,0.23,-6.82,-17.87,2.5,6.04,5,34.74,72.14,38.53,84.85,54.02,100.0
28.98,72.23,74.82,100.0,-1.21,-0.82,-4.46,-14.12,2.34,4.95,5,34.81,73.16,42.44,86.68,58.05,100.0
30.14,68.06,74.74,100.0,-2.21,2.03,-6.48,-15.09,2.35,4.66,5,38.86,75.21,40.36,87.87,60.13,100.0
28.13,66.14,74.79,88.38,-4.44,2.89,-6.88,-13.71,2.35,4.39,5,39.87,77.58,40.57,89.64,63.05,100.0
28.91,68.67,74.87,94.31,-0.07,-1.29,-3.56,-8.02,1.59,3.54,5,39.86,79.4,41.21,92.78,64.84,100.0
32.47,69.84,74.94,87.49,2.34,0.12,1.78,-4.7,1.78,2.79,5,42.28,82.79,40.24,95.73,66.7,100.0
34.74,72.14,74.99,90.18,6.62,2.18,6.0,-0.88,2.27,2.37,5,38.53,84.85,41.56,98.05,66.29,100.0
34.81,73.16,75.05,91.67,5.9,5.83,4.49,0.92,2.62,2.39,5,42.44,86.68,42.14,100.0,63.94,93.84
38.86,75.21,75.0,99.4,6.38,8.72,5.37,7.15,3.55,2.94,5,40.36,87.87,43.01,100.0,61.22,88.83
39.87,77.58,74.99,100.0,5.12,11.74,5.44,11.44,4.17,3.64,5,40.57,89.64,46.64,100.0,54.87,84.91
39.86,79.4,75.02,91.26,5.06,10.96,6.25,10.73,3.83,3.64,5,41.21,92.78,49.36,100.0,48.83,81.92
42.28,82.79,75.01,94.42,3.42,9.8,7.57,12.94,3.29,4.16,5,40.24,95.73,50.1,100.0,43.97,79.55
38.53,84.85,75.02,87.88,-1.34,3.78,7.27,12.71,2.56,4.43,5,41.56,98.05,54.02,100.0,43.54,76.93
42.44,86.68,75.03,84.86,2.58,7.63,7.28,13.53,2.39,4.66,5,42.14,100.0,58.05,100.0,40.5,74.37
40.36,87.87,75.09,67.98,-1.92,1.5,5.08,12.66,1.42,4.43,5,43.01,100.0,60.13,100.0,36.78,71.68
40.57,89.64,75.2,74.13,2.05,0.71,4.79,12.06,1.29,4.11,5,46.64,100.0,63.05,100.0,34.51,69.46
41.21,92.78,75.18,82.2,-1.23,1.35,6.1,13.38,1.27,4.1,5,49.36,100.0,64.84,100.0,29.93,66.89
40.24,95.73,75.18,73.97,-0.11,-2.03,7.86,12.95,1.24,4.17,5,50.1,100.0,66.7,100.0,27.55,65.84
41.56,98.05,75.18,78.4,0.99,3.03,8.4,13.2,1.14,4.52,5,54.02,100.0,66.29,100.0,23.1,63.58
42.14,100.0,75.22,77.92,0.93,-0.3,7.22,13.32,0.81,4.77,5,58.05,100.0,63.94,93.84,28.04,60.27
43.01,100.0,75.27,94.41,2.77,2.66,4.27,12.13,0.94,4.54,5,60.13,100.0,61.22,88.83,27.98,61.06
46.64,100.0,75.44,98.54,5.08,6.07,1.95,10.36,2.01,3.79,5,63.05,100.0,54.87,84.91,22.97,59.93
49.36,100.0,75.41,94.99,7.22,8.15,0.0,7.22,3.07,2.63,5,64.84,100.0,48.83,81.92,25.12,59.87
50.1,100.0,75.42,96.09,7.09,9.86,0.0,4.27,3.66,1.54,5,66.7,100.0,43.97,79.55,32.23,61.92
54.02,100.0,75.44,90.73,7.38,12.46,0.0,1.95,4.36,0.68,5,66.29,100.0,43.54,76.93,36.4,64.3
58.05,100.0,75.38,88.23,8.68,15.9,0.0,0.0,5.3,0.0,5,63.94,93.84,40.5,74.37,35.51,66.13
60.13,100.0,75.44,90.5,10.03,17.12,0.0,0.0,5.68,0.0,5,61.22,88.83,36.78,71.68,34.13,67.96
63.05,100.0,75.43,88.41,9.02,16.41,0.0,0.0,5.67,0.0,5,54.87,84.91,34.51,69.46,38.22,69.75
64.84,100.0,75.35,85.23,6.79,15.48,0.0,0.0,5.65,0.0,5,48.83,81.92,29.93,66.89,39.95,71.24
66.7,100.0,75.36,89.13,6.57,16.6,0.0,0.0,5.53,0.0,5,43.97,79.55,27.55,65.84,38.13,72.96
66.29,100.0,75.36,95.25,3.24,12.27,0.0,0.0,4.35,0.0,5,43.54,76.93,23.1,63.58,41.54,75.28
63.94,93.84,75.37,97.3,-0.89,5.9,-6.16,-6.16,2.95,2.16,5,40.5,74.37,28.04,60.27,41.04,76.28
61.22,88.83,75.4,100.0,-5.48,1.09,-11.17,-11.17,2.28,4.14,5,36.78,71.68,27.98,61.06,40.33,76.89
54.87,84.91,75.28,95.03,-11.42,-8.18,-15.09,-15.09,3.74,5.86,5,34.51,69.46,22.97,59.93,40.52,80.3
48.83,81.92,75.3,76.95,-15.11,-16.01,-11.92,-18.08,6.21,7.1,5,29.93,66.89,25.12,59.87,42.53,82.79
43.97,79.55,75.25,77.19,-17.25,-22.73,-9.29,-20.45,8.29,7.71,5,27.55,65.84,32.23,61.92,43.59,84.98
43.54,76.93,75.26,64.9,-11.34,-22.76,-7.98,-23.07,8.76,7.61,5,23.1,63.58,36.4,64.3,38.03,86.55
40.5,74.37,75.25,69.91,-8.33,-23.44,-7.55,-19.47,8.51,6.32,5,28.04,60.27,35.51,66.13,36.58,89.01
36.78,71.68,75.28,72.51,-7.19,-24.44,-7.86,-17.15,7.89,5.55,5,27.98,61.06,34.13,67.96,38.09,91.63
34.51,69.46,75.32,72.32,-9.03,-20.36,-7.47,-15.45,6.46,5.14,5,22.97,59.93,38.22,69.75,37.8,93.19
29.93,66.89,75.29,58.51,-10.57,-18.9,-7.48,-15.02,5.95,5.04,5,25.12,59.87,39.95,71.24,36.82,95.13
27.55,65.84,75.34,51.27,-9.23,-16.42,-5.84,-13.71,5.96,4.74,5,32.23,61.92,38.13,72.96,38.55,97.74
23.1,63.58,75.38,57.87,-11.41,-20.44,-5.88,-13.35,6.74,4.44,5,36.4,64.3,41.54,75.28,37.53,100.0
28.04,60.27,75.34,63.55,-1.9,-12.47,-6.62,-14.09,5.59,4.46,5,35.51,66.13,41.04,76.28,37.48,100.0
27.98,61.06,75.38,63.23,0.43,-8.8,-4.78,-10.63,4.26,3.9,5,34.13,67.96,40.33,76.89,38.2,100.0
22.97,59.93,75.38,54.38,-0.13,-11.54,-3.65,-9.53,3.69,3.4,5,38.22,69.75,40.52,80.3,36.47,100.0
25.12,59.87,75.41,64.21,-2.92,-4.82,-0.41,-7.02,2.49,2.73,5,39.95,71.24,42.53,82.79,37.14,100.0
32.23,61.92,75.45,68.41,4.25,4.68,0.86,-3.92,3.03,2.06,5,38.13,72.96,43.59,84.98,35.36,100.0
36.4,64.3,75.39,79.64,13.43,13.3,4.37,0.72,4.57,1.65,5,41.54,75.28,38.03,86.55,33.47,100.0
35.51,66.13,75.35,83.85,10.39,7.47,6.27,5.86,4.74,2.24,5,41.04,76.28,36.58,89.01,30.62,100.0
34.13,67.96,75.35,99.25,1.9,6.15,6.05,6.91,4.9,2.94,5,40.33,76.89,38.09,91.63,33.89,100.0
38.22,69.75,75.37,96.26,1.82,15.26,5.45,9.82,5.4,3.6,5,40.52,80.3,37.8,93.19,35.93,100.0
39.95,71.24,75.37,100.0,4.45,14.83,5.1,11.37,4.5,3.83,5,42.53,82.79,36.82,95.13,36.14,100.0
41.18,35.19,35.94,42.99,1.65,5.39,0.81,7.1,2.26,3.11,6,39.05,39.92,41.44,39.0,29.16,42.36
40.07,36.35,36.06,34.8,-1.33,1.62,0.25,7.21,1.89,2.59,6,37.06,38.11,38.53,39.16,27.69,43.2
36.91,36.38,36.08,45.58,-3.4,1.46,0.3,5.11,2.07,1.71,6,37.79,38.34,42.11,39.69,28.36,43.01
37.97,36.62,36.22,42.16,-3.21,-1.56,1.43,2.24,1.53,0.74,6,40.53,38.8,43.2,40.86,29.6,42.23
32.2,38.97,36.29,61.5,-7.87,-9.2,2.62,2.86,3.02,1.08,6,43.38,40.05,39.25,41.19,30.5,44.45
36.99,39.53,36.35,48.32,0.08,-3.31,3.15,3.45,2.82,1.48,6,41.74,40.24,39.55,41.3,30.97,47.23
39.05,39.92,36.4,42.2,1.08,-2.13,3.3,4.73,2.7,1.72,6,41.44,39.0,33.67,41.76,32.14,49.09
37.06,38.11,36.47,51.73,4.86,-3.02,-0.86,1.76,2.31,1.43,6,38.53,39.16,28.07,40.38,38.26,50.46
37.79,38.34,36.5,46.71,0.8,0.88,-1.19,1.96,2.02,1.26,6,42.11,39.69,27.05,40.85,36.8,53.36
40.53,38.8,36.63,47.08,1.48,2.56,-1.13,2.17,2.4,1.0,6,43.2,40.86,26.9,39.92,33.35,54.42
43.38,40.05,36.68,56.6,6.32,11.18,1.94,1.08,3.21,0.7,6,39.25,41.19,35.99,41.95,39.2,55.79
41.74,40.24,36.64,54.5,3.95,4.75,1.9,0.71,2.28,0.8,6,39.55,41.3,31.88,43.73,37.12,58.5
41.44,39.0,36.58,67.81,0.91,2.39,0.21,-0.92,2.11,0.8,6,33.67,41.76,29.16,42.36,36.44,60.77
38.53,39.16,36.53,79.2,-4.85,1.48,-0.89,1.05,2.15,0.74,6,28.07,40.38,27.69,43.2,35.83,61.42
42.11,39.69,36.62,81.25,0.36,4.31,-0.55,1.35,1.85,0.64,6,27.05,40.85,28.36,43.01,34.82,63.69
43.2,40.86,36.65,79.39,1.75,2.67,1.85,2.06,1.54,0.69,6,26.9,39.92,29.6,42.23,34.71,66.29
39.25,41.19,36.67,82.61,0.71,-4.13,2.04,1.15,1.72,0.76,6,35.99,41.95,30.5,44.45,36.61,68.56
39.55,41.3,36.62,82.68,-2.55,-2.19,1.61,1.06,1.6,0.88,6,31.88,43.73,30.97,47.23,40.23,70.62
33.67,41.76,36.66,86.9,-9.53,-7.77,0.9,2.75,2.9,1.03,6,29.16,42.36,32.14,49.09,39.23,71.98
28.07,40.38,36.78,78.52,-11.18,-10.46,-0.81,1.23,4.86,0.86,6,27.69,43.2,38.26,50.46,39.5,73.84
27.05,40.85,36.77,83.01,-12.51,-15.06,-0.45,1.16,6.1,0.62,6,28.36,43.01,36.8,53.36,41.22,75.57
26.9,39.92,36.8,73.31,-6.77,-16.3,-1.84,-0.94,6.29,0.56,6,29.6,42.23,33.35,54.42,45.37,76.51
35.99,41.95,36.86,72.63,7.92,-3.26,1.56,0.75,5.19,0.67,6,30.5,44.45,39.2,55.79,45.96,79.3
31.88,43.73,36.84,67.03,4.83,-7.68,2.88,2.43,4.5,1.16,6,30.97,47.23,37.12,58.5,47.17,81.24
29.16,42.36,36.85,59.9,2.26,-4.51,2.44,0.6,3.26,1.2,6,32.14,49.09,36.44,60.77,44.62,82.7
27.69,43.2,36.86,58.47,-8.3,-0.38,1.25,2.81,3.07,1.33,6,38.26,50.46,35.83,61.42,48.13,85.03
28.36,43.01,36.91,63.82,-3.51,1.31,-0.72,2.16,3.05,1.26,6,36.8,53.36,34.82,63.69,50.34,88.07
29.6,42.23,36.88,69.97,0.44,2.7,-0.13,2.31,2.88,1.14,6,33.35,54.42,34.71,66.29,53.41,91.43
30.5,44.45,36.95,77.26,2.81,-5.49,1.25,2.51,2.59,0.83,6,39.2,55.79,36.61,68.56,58.58,93.5
30.97,47.23,36.98,82.32,2.61,-0.9,4.22,3.5,1.37,1.59,6,37.12,58.5,40.23,70.62,60.77,96.3
32.14,49.09,36.96,87.93,2.54,2.98,6.86,6.73,1.43,2.45,6,36.44,60.77,39.23,71.98,61.22,97.65
38.26,50.46,36.99,84.36,7.76,10.57,6.0,7.26,3.25,3.01,6,35.83,61.42,39.5,73.84,62.37,100.0
36.8,53.36,36.97,80.57,5.82,8.44,6.13,10.35,3.45,3.82,6,34.82,63.69,41.22,75.57,64.8,100.0
33.35,54.42,36.91,85.62,1.21,3.75,5.33,12.19,3.04,4.14,6,34.71,66.29,45.37,76.51,67.33,100.0
39.2,55.79,36.85,92.82,0.94,8.7,5.33,11.34,3.31,3.79,6,36.61,68.56,45.96,79.3,65.36,100.0
37.12,58.5,36.85,87.77,0.32,6.14,5.14,11.27,2.97,3.67,6,40.23,70.62,47.17,81.24,66.44,100.0
36.44,60.77,36.86,83.79,3.09,4.3,6.35,11.68,2.36,3.85,6,39.23,71.98,44.62,82.7,68.45,100.0
35.83,61.42,36.9,69.5,-3.37,-2.43,5.63,10.96,1.73,3.73,6,39.5,73.84,48.13,85.03,71.17,100.0
34.82,63.69,36.94,74.22,-2.3,-1.98,5.19,10.33,1.71,3.6,6,41.22,75.57,50.34,88.07,75.31,100.0
34.71,66.29,37.0,77.79,-1.73,1.36,5.52,11.87,1.76,3.91,6,45.37,76.51,53.41,91.43,75.82,100.0
36.61,68.56,37.0,67.04,0.78,-2.59,7.14,12.77,1.42,4.08,6,45.96,79.3,58.58,93.5,79.65,100.0
40.23,70.62,36.93,70.04,5.42,3.12,6.93,12.12,1.72,4.09,6,47.17,81.24,60.77,96.3,79.93,100.0
39.23,71.98,37.01,84.64,4.52,2.79,5.69,11.21,1.97,4.09,6,44.62,82.7,61.22,97.65,83.27,100.0
39.5,73.84,37.04,98.89,2.89,3.68,5.28,12.42,2.16,4.17,6,48.13,85.03,62.37,100.0,88.79,100.0
41.22,75.57,37.13,95.89,0.99,6.41,4.96,11.88,2.45,3.89,6,50.34,88.07,64.8,100.0,91.6,100.0
45.37,76.51,37.14,82.62,6.14,10.66,4.53,10.22,3.15,3.44,6,53.41,91.43,67.33,100.0,92.86,100.0
45.96,79.3,37.16,80.06,6.46,9.35,5.46,10.74,3.13,3.42,6,58.58,93.5,65.36,100.0,93.45,100.0
47.17,81.24,37.2,87.93,5.94,6.93,5.67,10.62,3.12,3.53,6,60.77,96.3,66.44,100.0,99.73,100.0
44.62,82.7,37.22,87.13,-0.75,5.39,6.19,10.72,3.01,3.64,6,61.22,97.65,68.45,100.0,100.0,100.0
48.13,85.03,37.23,82.92,2.17,8.62,5.73,11.19,2.9,3.77,6,62.37,100.0,71.17,100.0,100.0,100.0
50.34,88.07,37.21,82.42,3.17,9.12,6.82,12.49,2.67,4.16,6,64.8,100.0,75.31,100.0,99.71,100.0
53.41,91.43,37.22,90.09,8.79,8.04,8.74,14.92,2.87,4.76,6,67.33,100.0,75.82,100.0,83.29,95.31
58.58,93.5,37.23,87.46,10.45,12.62,8.47,14.2,4.5,4.92,6,65.36,100.0,79.65,100.0,77.23,91.67
60.77,96.3,37.26,89.34,10.43,13.6,8.24,15.06,5.58,5.25,6,66.44,100.0,79.93,100.0,70.94,89.0
61.22,97.65,37.39,87.92,7.81,16.6,6.21,14.95,6.04,5.23,6,68.45,100.0,83.27,100.0,63.28,84.21
62.37,100.0,37.42,92.54,3.8,14.25,6.5,14.97,5.3,4.96,6,71.17,100.0,88.79,100.0,60.23,81.33
64.8,100.0,37.43,81.48,4.03,14.46,3.7,11.93,4.77,4.16,6,75.31,100.0,91.6,100.0,60.88,78.56
67.33,100.0,37.54,82.17,6.11,13.92,2.35,8.57,4.13,3.19,6,75.82,100.0,92.86,100.0,60.71,75.81
65.36,100.0,37.7,89.1,2.99,6.79,0.0,6.5,2.82,2.36,6,79.65,100.0,93.45,100.0,56.74,72.48
66.44,100.0,37.68,78.27,1.64,5.68,0.0,3.7,2.4,1.41,6,79.93,100.0,99.73,100.0,53.55,67.88
68.45,100.0,37.61,69.07,1.12,7.23,0.0,2.35,2.41,0.82,6,83.27,100.0,100.0,100.0,48.28,67.62
71.17,100.0,37.65,59.36,5.81,8.8,0.0,0.0,2.61,0.0,6,88.79,100.0,100.0,100.0,45.57,64.84
75.31,100.0,37.75,45.63,8.86,10.5,0.0,0.0,3.43,0.0,6,91.6,100.0,99.71,100.0,40.88,61.38
75.82,100.0,37.86,48.15,7.37,8.49,0.0,0.0,3.91,0.0,6,92.86,100.0,83.29,95.31,38.0,60.42
79.65,100.0,37.82,44.23,8.48,14.29,0.0,0.0,4.95,0.0,6,93.45,100.0,77.23,91.67,39.87,59.58
79.93,100.0,37.86,35.24,4.63,13.49,0.0,0.0,4.9,0.0,6,99.73,100.0,70.94,89.0,36.72,57.67
83.27,100.0,37.9,31.33,7.45,14.82,0.0,0.0,4.81,0.0,6,100.0,100.0,63.28,84.21,33.74,57.0
88.79,100.0,37.98,25.29,9.14,17.62,0.0,0.0,5.35,0.0,6,100.0,100.0,60.23,81.33,35.74,55.22
91.6,100.0,37.98,23.19,11.67,16.3,0.0,0.0,5.77,0.0,6,99.71,100.0,60.88,78.56,31.86,54.71
92.86,100.0,37.93,4.47,9.58,17.03,0.0,0.0,6.09,0.0,6,83.29,95.31,60.71,75.81,36.62,53.56
93.45,100.0,37.87,6.47,4.66,13.79,0.0,0.0,5.58,0.0,6,77.23,91.67,56.74,72.48,39.88,53.31
99.73,100.0,37.91,11.61,8.13,19.8,0.0,0.0,6.16,0.0,6,70.94,89.0,53.55,67.88,39.66,52.51
100.0,100.0,37.91,1.34,7.14,16.73,0.0,0.0,5.46,0.0,6,63.28,84.21,48.28,67.62,38.98,52.14
100.0,100.0,37.88,6.99,6.55,11.21,0.0,0.0,4.3,0.0,6,60.23,81.33,45.57,64.84,35.72,50.42
99.71,100.0,38.02,3.18,-0.02,8.1,0.0,0.0,3.61,0.0,6,60.88,78.56,40.88,61.38,36.2,48.51
83.29,95.31,38.03,2.03,-16.71,-9.56,-4.69,-4.69,5.81,1.64,6,60.71,75.81,38.0,60.42,33.85,48.43
77.23,91.67,38.03,6.78,-22.77,-16.21,-8.33,-8.33,8.71,3.1,6,56.74,72.48,39.87,59.58,33.5,48.26
70.94,89.0,38.09,4.59,-28.77,-28.79,-11.0,-11.0,11.71,4.31,6,53.55,67.88,36.72,57.67,30.84,47.82
63.28,84.21,38.15,7.4,-20.01,-36.72,-11.09,-15.79,14.14,5.8,6,48.28,67.62,33.74,57.0,33.8,48.0
60.23,81.33,38.23,11.16,-17.01,-39.77,-10.34,-18.67,14.91,6.78,6,45.57,64.84,35.74,55.22,37.71,48.62
60.88,78.56,38.23,4.46,-10.05,-38.83,-10.44,-21.44,13.33,7.15,6,40.88,61.38,31.86,54.71,40.67,48.58
60.71,75.81,38.32,11.3,-2.57,-22.58,-8.4,-19.49,8.57,6.62,6,38.0,60.42,36.62,53.56,42.58,48.47
56.74,72.48,38.46,10.78,-3.49,-20.5,-8.85,-19.19,6.66,6.42,6,39.87,59.58,39.88,53.31,45.59,48.1
53.55,67.88,38.44,18.64,-7.33,-17.38,-10.68,-21.13,5.05,6.63,6,36.72,57.67,39.66,52.51,48.43,47.69
48.28,67.62,38.53,22.78,-12.43,-15.0,-8.2,-16.6,4.83,5.96,6,33.74,57.0,38.98,52.14,49.94,44.86
45.57,64.84,38.5,14.42,-11.16,-14.65,-7.63,-16.49,5.78,5.72,6,35.74,55.22,35.72,50.42,52.08,45.98
40.88,61.38,38.53,16.3,-12.67,-20.0,-6.5,-17.18,7.15,5.66,6,31.86,54.71,36.2,48.51,54.5,46.93
38.0,60.42,38.56,14.27,-10.29,-22.72,-7.19,-15.39,7.72,5.18,6,36.62,53.56,33.85,48.43,54.23,46.33
39.87,59.58,38.57,11.41,-5.7,-16.86,-5.26,-12.89,6.61,4.38,6,39.88,53.31,33.5,48.26,57.52,45.46
36.72,57.67,38.53,14.93,-4.16,-16.83,-3.71,-10.21,5.66,3.73,6,39.66,52.51,30.84,47.82,57.15,45.98
33.74,57.0,38.5,12.49,-4.25,-14.54,-3.43,-10.62,4.68,3.54,6,38.98,52.14,33.8,48.0,59.87,46.46
35.74,55.22,38.57,10.52,-4.14,-9.84,-4.36,-9.62,3.61,2.95,6,35.72,50.42,37.71,48.62,55.08,47.28
31.86,54.71,38.64,12.71,-4.86,-9.02,-2.96,-6.67,2.98,2.37,6,36.2,48.51,40.67,48.58,52.16,47.77
36.62,53.56,38.64,16.47,2.88,-1.37,-3.43,-6.86,2.45,2.36,6,33.85,48.43,42.58,48.47,47.16,46.81
39.88,53.31,38.68,21.96,4.14,0.01,-1.91,-6.27,2.74,2.14,6,33.5,48.26,45.59,48.1,43.14,45.89
39.66,52.51,38.77,29.7,7.8,2.94,-2.2,-5.16,2.7,1.78,6,30.84,47.82,48.43,47.69,44.16,45.72
38.98,52.14,38.81,18.85,2.35,5.24,-1.42,-4.85,2.86,1.57,6,33.8,48.0,49.94,44.86,39.85,46.88
35.72,50.42,38.8,23.93,-4.16,-0.02,-2.9,-4.81,2.65,1.5,6,37.71,48.62,52.08,45.98,35.96,46.0
36.2,48.51,38.79,28.62,-3.46,4.33,-4.0,-6.2,2.62,1.94,6,40.67,48.58,54.5,46.93,36.74,45.74
33.85,48.43,38.92,28.48,-5.13,-2.78,-3.72,-5.14,2.11,2.01,6,42.58,48.47,54.23,46.33,40.74,43.47
27.45,48.27,31.31,19.21,4.9,10.39,-3.48,-4.35,3.23,1.7,7,32.91,50.94,43.89,51.58,96.1,64.15
26.4,50.55,31.38,25.78,4.22,3.49,0.63,-2.01,3.03,1.52,7,38.38,50.01,46.98,53.56,99.92,64.43
24.68,51.64,31.36,28.05,6.88,4.0,3.05,-0.04,3.1,1.37,7,34.3,48.78,52.28,52.89,100.0,66.11
20.1,51.49,31.34,12.13,-7.34,-2.44,3.22,-0.26,3.17,1.34,7,32.4,49.56,53.15,54.59,100.0,66.91
28.7,52.64,31.35,12.21,2.3,6.52,2.09,2.71,3.72,1.5,7,37.01,50.67,58.07,56.29,100.0,65.81
33.01,51.62,31.37,14.61,8.33,15.21,-0.03,3.03,4.79,1.54,7,39.11,50.8,61.07,56.71,100.0,66.81
32.91,50.94,31.46,24.29,12.81,5.46,-0.55,2.67,4.22,1.28,7,43.89,51.58,67.73,57.37,100.0,67.18
38.38,50.01,31.56,28.63,9.68,11.98,-2.64,-0.55,5.65,0.79,7,46.98,53.56,72.86,59.64,100.0,68.07
34.3,48.78,31.6,31.8,1.29,9.62,-2.84,-2.87,5.78,1.17,7,52.28,52.89,78.73,60.26,100.0,68.52
32.4,49.56,31.68,37.44,-0.51,12.29,-1.38,-1.93,5.32,1.24,7,53.15,54.59,85.89,59.03,100.0,67.91
37.01,50.67,31.73,39.08,-1.37,8.31,0.67,-1.97,2.95,1.2,7,58.07,56.29,89.41,61.19,100.0,69.53
39.11,50.8,31.69,33.06,4.81,6.1,2.02,-0.82,2.6,0.88,7,61.07,56.71,93.49,62.32,100.0,69.95
43.89,51.58,31.72,37.07,11.5,10.98,2.02,0.63,3.76,0.88,7,67.73,57.37,96.1,64.15,100.0,71.65
46.98,53.56,31.73,33.6,9.97,8.6,2.88,3.55,4.74,1.43,7,72.86,59.64,99.92,64.43,100.0,72.75
52.28,52.89,31.71,41.45,13.18,17.99,2.09,4.11,6.65,1.58,7,78.73,60.26,100.0,66.11,100.0,73.96
53.15,54.59,31.81,38.49,9.26,20.75,3.01,5.03,7.24,1.66,7,85.89,59.03,100.0,66.91,85.86,70.41
58.07,56.29,31.8,45.43,11.1,21.06,2.73,5.62,7.17,1.92,7,89.41,61.19,100.0,65.81,76.88,70.73
61.07,56.71,31.78,48.18,8.79,21.96,3.82,5.91,7.22,2.07,7,93.49,62.32,100.0,66.81,68.81,66.05
67.73,57.37,31.74,39.51,14.58,23.84,2.78,5.79,7.62,2.0,7,96.1,64.15,100.0,67.18,63.33,65.25
72.86,59.64,31.78,36.42,14.78,25.88,3.36,6.09,8.43,2.18,7,99.92,64.43,100.0,68.07,64.39,64.68
78.73,60.26,31.78,28.75,17.66,26.45,3.55,7.37,9.3,2.41,7,100.0,66.11,100.0,68.52,58.57,61.51
85.89,59.03,31.84,25.04,18.16,32.74,1.66,4.44,10.86,1.88,7,100.0,66.91,100.0,67.91,52.96,61.06
89.41,61.19,31.83,19.6,16.55,31.33,1.54,4.9,11.08,1.74,7,100.0,65.81,100.0,69.53,45.38,61.69
93.49,62.32,31.82,7.01,14.76,32.42,2.07,5.61,11.02,1.85,7,100.0,66.81,100.0,69.95,41.05,58.96
96.1,64.15,31.85,10.62,10.21,28.37,5.12,6.79,9.88,2.07,7,100.0,67.18,100.0,71.65,37.1,56.32
99.92,64.43,31.95,9.11,10.51,27.06,3.24,4.78,8.94,1.98,7,100.0,68.07,100.0,72.75,41.43,55.32
100.0,66.11,31.93,4.35,6.51,21.27,3.79,5.85,7.23,2.34,7,100.0,68.52,100.0,73.96,40.3,52.46
100.0,66.91,31.97,21.09,3.9,14.11,2.76,7.88,5.24,2.58,7,100.0,67.91,85.86,70.41,37.25,51.66
100.0,65.81,32.0,21.39,0.08,10.59,1.39,4.63,3.9,1.92,7,100.0,69.53,76.88,70.73,38.01,52.76
100.0,66.81,32.02,20.97,0.0,6.51,0.71,4.49,2.45,1.55,7,100.0,69.95,68.81,66.05,35.47,50.93
100.0,67.18,32.0,45.16,0.0,3.9,0.27,3.03,1.36,1.12,7,100.0,71.65,63.33,65.25,34.83,48.67
100.0,68.07,31.94,46.09,0.0,0.08,2.25,3.64,0.03,1.08,7,100.0,72.75,64.39,64.68,35.99,50.66
100.0,68.52,32.01,49.87,0.0,0.0,1.7,2.41,0.0,0.9,7,100.0,73.96,58.57,61.51,31.65,49.05
100.0,67.91,32.12,40.33,0.0,0.0,0.72,0.99,0.0,0.85,7,85.86,70.41,52.96,61.06,29.09,48.85
100.0,69.53,32.17,33.49,0.0,0.0,1.46,3.71,0.0,1.12,7,76.88,70.73,45.38,61.69,29.93,48.3
100.0,69.95,32.2,31.49,0.0,0.0,1.44,3.14,0.0,1.07,7,68.81,66.05,41.05,58.96,33.49,50.5
100.0,71.65,32.21,27.62,0.0,0.0,3.75,4.47,0.0,1.41,7,63.33,65.25,37.1,56.32,34.71,50.27
100.0,72.75,32.19,9.57,0.0,0.0,3.22,4.68,0.0,1.71,7,64.39,64.68,41.43,55.32,39.26,49.24
100.0,73.96,32.2,0.39,0.0,0.0,4.01,5.45,0.0,2.08,7,58.57,61.51,40.3,52.46,41.61,48.58
85.86,70.41,32.18,7.14,-14.14,-14.14,-1.24,2.51,4.95,1.9,7,52.96,61.06,37.25,51.66,44.59,47.54
76.88,70.73,32.22,9.85,-23.12,-23.12,-2.02,1.2,8.75,1.48,7,45.38,61.69,38.01,52.76,45.61,47.85
68.81,66.05,32.28,13.44,-31.19,-31.19,-7.92,-3.91,12.18,2.33,7,41.05,58.96,35.47,50.93,49.5,48.01
63.33,65.25,32.23,8.72,-22.53,-36.67,-5.17,-6.41,14.51,3.04,7,37.1,56.32,34.83,48.67,52.74,48.0
64.39,64.68,32.14,3.39,-12.49,-35.61,-6.05,-8.07,14.59,3.49,7,41.43,55.32,35.99,50.66,58.5,46.71
58.57,61.51,32.25,5.89,-10.24,-41.43,-4.53,-12.45,13.61,4.0,7,40.3,52.46,31.65,49.05,64.4,45.67
52.96,61.06,32.26,3.62,-10.37,-32.9,-4.19,-9.36,10.31,3.54,7,37.25,51.66,29.09,48.85,67.42,44.24
45.38,61.69,32.28,13.87,-19.02,-31.51,-2.99,-9.04,9.59,3.17,7,38.01,52.76,29.93,48.3,70.28,43.81
41.05,58.96,32.32,14.4,-17.52,-27.76,-2.55,-7.08,9.56,2.41,7,35.47,50.93,33.49,50.5,70.04,44.7
37.1,56.32,32.33,10.67,-15.86,-26.23,-4.73,-8.92,10.08,2.86,7,34.83,48.67,34.71,50.27,73.91,43.71
41.43,55.32,32.42,6.41,-3.95,-22.97,-6.37,-9.36,9.4,3.04,7,35.99,50.66,39.26,49.24,75.76,43.65
40.3,52.46,32.51,5.32,-0.75,-18.27,-6.5,-9.06,7.17,3.31,7,31.65,49.05,41.61,48.58,78.32,44.71
37.25,51.66,32.49,15.21,0.15,-15.71,-4.66,-9.4,5.1,3.67,7,29.09,48.85,44.59,47.54,80.12,42.99
38.01,52.76,32.56,21.34,-3.42,-7.37,-2.56,-8.93,2.73,3.43,7,29.93,48.3,45.61,47.85,82.22,43.23
35.47,50.93,32.62,22.7,-4.82,-5.58,-1.52,-8.03,2.11,2.69,7,33.49,50.5,49.5,48.01,84.13,43.56
34.83,48.67,32.64,9.46,-2.41,-2.27,-3.0,-7.66,2.22,2.4,7,34.71,50.27,52.74,48.0,88.32,43.97
35.99,50.66,32.7,6.07,-2.02,-5.43,-2.1,-4.66,2.3,1.91,7,39.26,49.24,58.5,46.71,90.68,44.41
31.65,49.05,32.74,11.19,-3.82,-8.64,-1.88,-3.4,2.51,1.46,7,41.61,48.58,64.4,45.67,90.84,45.15
29.09,48.85,32.7,14.59,-5.74,-8.15,0.19,-2.81,2.94,1.45,7,44.59,47.54,67.42,44.24,89.51,44.17
29.93,48.3,32.66,17.83,-6.06,-8.08,-2.37,-4.46,3.11,1.5,7,45.61,47.85,70.28,43.81,86.5,45.48
33.49,50.5,32.64,15.69,1.84,-1.98,1.45,-0.43,2.54,1.01,7,49.5,48.01,70.04,44.7,90.87,44.77
34.71,50.27,32.68,15.27,5.62,-0.12,1.42,1.61,2.44,0.9,7,52.74,48.0,73.91,43.71,96.81,46.41
39.26,49.24,32.75,19.57,9.33,3.27,0.94,-1.43,3.3,0.85,7,58.5,46.71,75.76,43.65,83.77,47.07
41.61,48.58,32.89,13.04,8.13,9.96,-1.92,-0.47,4.34,0.77,7,64.4,45.67,78.32,44.71,77.95,47.04
44.59,47.54,33.0,20.13,9.87,15.49,-2.73,-1.31,5.46,0.98,7,67.42,44.24,80.12,42.99,72.85,46.76
45.61,47.85,33.04,16.0,6.34,15.67,-1.38,-0.44,5.49,1.07,7,70.28,43.81,82.22,43.23,70.31,47.05
49.5,48.01,33.07,15.66,7.88,16.01,-0.57,-2.49,5.41,1.09,7,70.04,44.7,84.13,43.56,67.29,46.46
52.74,48.0,33.09,10.54,8.15,18.02,0.46,-2.27,5.66,0.89,7,73.91,43.71,88.32,43.97,61.56,46.91
58.5,46.71,33.13,7.97,12.89,19.24,-1.14,-2.52,6.18,0.73,7,75.76,43.65,90.68,44.41,56.2,47.77
64.4,45.67,33.11,0.21,14.9,22.78,-2.34,-2.91,7.55,0.91,7,78.32,44.71,90.84,45.15,55.29,48.59
67.42,44.24,33.11,17.0,14.68,22.83,-3.76,-3.3,8.33,1.33,7,80.12,42.99,89.51,44.17,57.92,49.2
70.28,43.81,33.06,25.69,11.78,24.67,-2.91,-4.05,8.73,1.66,7,82.22,43.23,86.5,45.48,54.14,49.09
70.04,44.7,33.04,38.5,5.64,20.54,-0.97,-3.32,7.77,1.61,7,84.13,43.56,90.87,44.77,49.97,48.88
73.91,43.71,33.02,43.35,6.49,21.18,-0.53,-4.29,6.87,1.5,7,88.32,43.97,96.81,46.41,46.07,50.56
75.76,43.65,33.1,37.36,5.49,17.26,-0.16,-3.06,5.42,1.07,7,90.68,44.41,83.77,47.07,46.18,48.79
78.32,44.71,33.16,36.08,8.29,13.93,0.01,-0.96,4.49,0.68,7,90.84,45.15,77.95,47.04,50.02,48.95
80.12,42.99,33.13,38.63,6.21,12.7,-0.72,-1.25,4.33,0.57,7,89.51,44.17,72.85,46.76,45.98,49.6
82.22,43.23,33.2,29.13,6.46,11.95,-0.42,-0.58,4.37,0.61,7,86.5,45.48,70.31,47.05,38.04,50.35
84.13,43.56,33.18,40.58,5.8,14.09,-1.15,-1.14,4.55,0.62,7,90.87,44.77,67.29,46.46,40.63,51.45
88.32,43.97,33.29,28.59,8.2,14.41,0.97,0.25,4.6,0.51,7,96.81,46.41,61.56,46.91,39.7,52.36
90.68,44.41,33.27,30.99,8.46,14.92,1.18,0.77,4.95,0.57,7,83.77,47.07,56.2,47.77,39.33,53.76
90.84,45.15,33.34,33.17,6.72,12.52,1.59,0.44,4.69,0.74,7,77.95,47.04,55.29,48.59,39.54,54.99
89.51,44.17,33.39,33.34,1.19,9.39,0.21,1.18,4.02,0.69,7,72.85,46.76,57.92,49.2,37.12,56.64
86.5,45.48,33.42,26.79,-4.18,4.28,1.07,2.25,3.08,0.75,7,70.31,47.05,54.14,49.09,33.56,57.94
90.87,44.77,33.4,29.66,0.03,6.74,-0.39,1.21,2.38,0.63,7,67.29,46.46,49.97,48.88,38.82,60.23
96.81,46.41,33.44,33.36,7.29,8.49,2.24,2.44,2.97,0.79,7,61.56,46.91,46.07,50.56,41.95,61.19
83.77,47.07,33.42,35.9,-2.74,-6.92,1.59,2.65,3.77,0.98,7,56.2,47.77,46.18,48.79,42.02,62.9
77.95,47.04,33.29,37.33,-12.91,-12.89,2.28,1.89,5.57,1.05,7,55.29,48.59,50.02,48.95,41.73,65.13
72.85,46.76,33.39,39.83,-23.96,-16.67,0.35,2.59,7.5,1.08,7,57.92,49.2,45.98,49.6,43.95,66.79
70.31,47.05,33.37,20.32,-13.46,-16.2,-0.02,1.57,8.9,0.84,7,54.14,49.09,38.04,50.35,41.31,67.81
67.29,46.46,33.43,21.51,-10.66,-23.58,-0.58,1.7,10.18,0.76,7,49.97,48.88,40.63,51.45,39.97,68.93
61.56,46.91,33.47,33.52,-11.29,-35.24,0.15,0.5,10.85,0.26,7,46.07,50.56,39.7,52.36,39.76,69.92
56.2,47.77,33.57,35.44,-14.1,-27.56,0.72,0.71,8.7,0.37,7,46.18,48.79,39.33,53.76,40.48,71.43
55.29,48.59,33.57,38.08,-12.0,-22.66,2.13,1.55,7.93,0.67,7,50.02,48.95,39.54,54.99,41.24,72.63
57.92,49.2,33.59,37.65,-3.64,-14.93,2.29,2.44,6.57,0.95,7,45.98,49.6,37.12,56.64,41.76,74.67
54.14,49.09,33.56,48.03,-2.07,-16.17,1.32,2.04,5.81,1.02,7,38.04,50.35,33.56,57.94,39.13,76.7
49.97,48.88,33.68,44.65,-5.32,-17.32,0.29,2.42,5.17,1.02,7,40.63,51.45,38.82,60.23,40.73,77.58
46.07,50.56,33.56,36.63,-11.85,-15.49,1.36,3.65,4.73,1.07,7,39.7,52.36,41.95,61.19,41.61,78.89
46.18,48.79,33.58,37.16,-7.95,-10.02,-0.3,1.01,4.48,0.78,7,39.33,53.76,42.02,62.9,35.12,79.75
50.02,48.95,33.57,43.46,0.06,-5.27,0.07,0.36,4.22,0.6,7,39.54,54.99,41.73,65.13,35.6,82.24
45.98,49.6,33.61,33.87,-0.09,-11.94,-0.96,0.4,4.24,0.57,7,37.12,56.64,43.95,66.79,36.16,83.57
33.97,44.64,74.55,11.65,10.09,14.06,-1.22,-5.25,5.0,1.99,8,28.25,44.43,22.78,47.05,43.99,45.48
39.64,44.26,74.6,9.76,11.53,17.78,-0.34,-5.15,6.45,1.77,8,30.49,45.13,20.67,44.55,47.48,45.85
36.4,42.75,74.62,10.01,6.34,16.25,-3.81,-5.04,6.4,1.54,8,27.18,47.49,20.61,42.17,49.75,47.44
39.87,41.91,74.66,10.55,5.9,15.98,-2.73,-3.94,5.6,1.5,8,28.55,46.83,23.33,41.19,50.16,47.42
35.18,42.17,74.77,15.19,-4.46,7.07,-2.09,-2.43,4.14,1.53,8,22.45,48.94,24.47,41.86,51.66,47.6
25.82,43.28,74.79,24.32,-10.57,-4.23,0.53,-3.28,4.7,1.51,8,22.92,47.82,31.16,41.1,49.23,47.61
28.25,44.43,74.79,20.91,-11.62,-5.72,2.52,-0.21,4.97,1.03,8,22.78,47.05,30.84,41.23,44.21,46.79
30.49,45.13,74.81,28.7,-4.69,-9.15,2.96,0.87,5.14,1.13,8,20.67,44.55,30.26,42.36,43.9,45.34
27.18,47.49,74.8,24.15,1.36,-9.22,4.21,4.74,4.91,1.83,8,20.61,42.17,31.14,43.08,42.41,45.65
28.55,46.83,74.82,23.83,0.3,-11.31,2.4,4.92,4.64,2.01,8,23.33,41.19,38.06,43.8,41.86,44.02
22.45,48.94,74.83,28.48,-8.04,-12.73,3.81,6.77,3.66,2.23,8,24.47,41.86,37.97,43.5,41.8,45.89
22.92,47.82,74.92,23.79,-4.26,-2.9,0.33,4.54,2.76,1.89,8,31.16,41.1,42.46,44.61,45.98,46.46
22.78,47.05,74.93,34.06,-5.78,-5.47,0.22,2.62,3.06,1.44,8,30.84,41.23,43.99,45.48,39.32,47.19
20.67,44.55,74.89,27.57,-1.78,-9.82,-4.39,-0.58,3.42,1.41,8,30.26,42.36,47.48,45.85,37.88,46.1
20.61,42.17,74.86,37.17,-2.31,-6.57,-5.65,-5.32,2.86,2.12,8,31.14,43.08,49.75,47.44,38.51,45.98
23.33,41.19,74.81,28.06,0.55,-5.22,-5.86,-5.64,2.46,2.72,8,38.06,43.8,50.16,47.42,37.75,43.72
24.47,41.86,74.81,26.45,3.81,2.02,-2.69,-7.08,1.3,2.93,8,37.97,43.5,51.66,47.6,30.96,44.55
31.16,41.1,74.82,36.14,10.55,8.24,-1.07,-6.72,3.31,2.61,8,42.46,44.61,49.23,47.61,32.33,44.0
30.84,41.23,74.81,34.36,7.51,8.06,0.04,-5.81,4.1,2.08,8,43.99,45.48,44.21,46.79,29.4,43.68
30.26,42.36,74.87,38.43,5.79,9.6,0.5,-2.19,4.39,1.11,8,47.48,45.85,43.9,45.34,33.21,40.5
31.14,43.08,74.84,35.76,-0.02,10.52,1.98,0.91,4.13,0.68,8,49.75,47.44,42.41,45.65,35.16,42.21
38.06,43.8,74.8,37.21,7.22,14.72,2.57,2.62,4.52,0.97,8,50.16,47.42,41.86,44.02,40.33,43.76
37.97,43.5,74.77,33.65,7.7,13.5,1.14,1.64,4.39,1.0,8,51.66,47.6,41.8,45.89,41.6,45.02
42.46,44.61,74.82,24.86,11.32,11.3,1.53,3.51,4.5,1.22,8,49.23,47.61,45.98,46.46,46.85,47.21
43.99,45.48,74.8,22.63,5.93,13.15,1.67,4.24,5.29,1.3,8,44.21,46.79,39.32,47.19,51.34,47.81
47.48,45.85,74.84,35.38,9.52,17.22,2.35,3.49,5.96,1.18,8,43.9,45.34,37.88,46.1,54.33,49.48
49.75,47.44,74.88,23.64,7.3,18.62,2.83,4.36,5.89,1.42,8,42.41,45.65,38.51,45.98,55.42,51.14
50.16,47.42,74.86,22.92,6.18,12.11,1.95,3.62,4.73,1.48,8,41.86,44.02,37.75,43.72,61.37,51.44
51.66,47.6,74.86,6.26,4.17,13.69,1.75,4.1,4.57,1.47,8,41.8,45.89,30.96,44.55,66.46,52.43
49.23,47.61,74.98,16.18,-0.52,6.78,0.17,3.0,3.15,1.15,8,45.98,46.46,32.33,44.0,68.47,54.45
44.21,46.79,75.0,9.98,-5.95,0.22,-0.64,1.31,2.76,0.82,8,39.32,47.19,29.4,43.68,72.06,54.94
43.9,45.34,75.08,10.8,-7.75,-3.58,-2.26,-0.51,2.78,0.85,8,37.88,46.1,33.21,40.5,76.21,56.13
42.41,45.65,75.15,8.1,-6.82,-7.34,-1.96,-1.79,3.42,0.89,8,38.51,45.98,35.16,42.21,82.92,58.1
41.86,44.02,75.1,17.08,-2.35,-8.3,-2.77,-3.4,3.72,1.28,8,37.75,43.72,40.33,43.76,89.33,58.25
41.8,45.89,75.17,22.55,-2.1,-9.85,0.55,-1.71,3.6,1.2,8,30.96,44.55,41.6,45.02,90.42,58.67
45.98,46.46,75.17,17.2,3.56,-3.26,0.82,-1.15,2.48,1.06,8,32.33,44.0,46.85,47.21,95.56,58.54
39.32,47.19,75.14,20.17,-2.55,-4.9,3.17,0.4,1.98,0.98,8,29.4,43.68,51.34,47.81,100.0,59.02
37.88,46.1,75.15,35.28,-3.93,-6.03,0.21,0.77,2.5,0.92,8,33.21,40.5,54.33,49.48,100.0,60.46
38.51,45.98,75.22,44.32,-7.47,-3.9,-0.48,0.34,2.59,0.9,8,35.16,42.21,55.42,51.14,100.0,61.77
37.75,43.72,75.29,60.84,-1.57,-4.11,-3.47,-0.3,2.76,1.18,8,40.33,43.76,61.37,51.44,100.0,63.12
30.96,44.55,75.27,55.53,-6.91,-10.84,-1.55,-1.34,4.21,1.09,8,41.6,45.02,66.46,52.43,100.0,64.26
32.33,44.0,75.26,56.54,-6.18,-13.64,-1.98,-2.46,4.56,1.23,8,46.85,47.21,68.47,54.45,100.0,66.3
29.4,43.68,75.29,55.12,-8.35,-9.91,-0.04,-3.5,3.8,1.28,8,51.34,47.81,72.06,54.94,100.0,67.58
33.21,40.5,75.29,50.16,2.25,-4.66,-4.05,-5.6,3.43,1.73,8,54.33,49.48,76.21,56.13,100.0,68.93
35.16,42.21,75.27,54.85,2.83,-3.34,-1.79,-3.77,3.15,1.61,8,55.42,51.14,82.92,58.1,100.0,69.7
40.33,43.76,75.27,61.47,10.93,2.58,0.07,0.04,3.57,1.28,8,61.37,51.44,89.33,58.25,100.0,70.85
41.6,45.02,75.26,56.05,8.39,10.64,4.52,0.47,4.3,1.43,8,66.46,52.43,90.42,58.67,100.0,71.58
46.85,47.21,75.26,62.29,11.68,14.52,4.99,3.2,5.69,1.95,8,68.47,54.45,95.56,58.54,100.0,73.29
51.34,47.81,75.27,59.9,11.0,21.93,4.06,4.13,7.16,2.41,8,72.06,54.94,100.0,59.02,100.0,74.41
54.33,49.48,75.3,47.17,12.73,21.12,4.45,8.97,7.35,2.98,8,76.21,56.13,100.0,60.46,100.0,74.91
55.42,51.14,75.28,49.59,8.57,20.25,3.93,8.92,7.12,2.94,8,82.92,58.1,100.0,61.77,100.0,76.12
61.37,51.44,75.23,62.98,10.03,21.04,3.63,7.69,7.1,2.71,8,89.33,58.25,100.0,63.12,100.0,77.14
66.46,52.43,75.21,58.9,12.13,24.86,2.95,7.4,7.78,2.47,8,90.42,58.67,100.0,64.26,100.0,78.27
68.47,54.45,75.19,67.65,13.05,21.62,3.32,7.25,7.38,2.38,8,95.56,58.54,100.0,66.3,92.01,76.57
72.06,54.94,75.18,46.66,10.69,20.72,3.5,7.13,7.33,2.36,8,100.0,59.02,100.0,67.58,83.97,72.34
76.21,56.13,75.25,31.56,9.74,21.87,3.7,6.65,7.64,2.21,8,100.0,60.46,100.0,68.93,81.07,70.73
82.92,58.1,75.33,31.14,14.45,27.5,3.65,6.97,8.49,2.38,8,100.0,61.77,100.0,69.7,71.35,68.68
89.33,58.25,75.38,24.97,17.28,27.97,3.31,6.81,9.02,2.42,8,100.0,63.12,100.0,70.85,64.93,67.29
90.42,58.67,75.4,18.38,14.22,23.96,2.54,6.24,9.02,2.16,8,100.0,64.26,100.0,71.58,59.89,62.06
95.56,58.54,75.32,29.36,12.64,27.09,0.44,4.09,9.45,1.67,8,100.0,66.3,100.0,73.29,56.5,62.6
100.0,59.02,75.34,37.51,10.67,27.94,0.78,4.08,9.37,1.41,8,100.0,67.58,100.0,74.41,58.15,61.09
100.0,60.46,75.41,31.67,9.58,23.79,1.8,4.34,8.19,1.2,8,100.0,68.93,100.0,74.91,52.05,59.03
100.0,61.77,75.42,28.55,4.44,17.08,3.23,3.67,6.19,1.26,8,100.0,69.7,100.0,76.12,49.34,56.13
100.0,63.12,75.39,34.96,0.0,10.67,4.09,4.87,4.44,1.73,8,100.0,70.85,100.0,77.14,45.09,52.97
100.0,64.26,75.39,37.83,0.0,9.58,3.8,5.6,3.45,2.11,8,100.0,71.58,100.0,78.27,45.76,52.22
100.0,66.3,75.38,47.59,0.0,4.44,4.53,7.76,1.55,2.62,8,100.0,73.29,92.01,76.57,43.58,54.18
100.0,67.58,75.49,45.37,0.0,0.0,4.46,8.56,0.0,2.85,8,100.0,74.41,83.97,72.34,40.28,53.35
100.0,68.93,75.53,45.93,0.0,0.0,4.67,8.47,0.0,2.88,8,100.0,74.91,81.07,70.73,40.18,53.42
100.0,69.7,75.51,40.82,0.0,0.0,3.41,7.93,0.0,2.78,8,100.0,76.12,71.35,68.68,39.72,53.36
100.0,70.85,75.56,51.26,0.0,0.0,3.27,7.73,0.0,2.64,8,100.0,77.14,64.93,67.29,41.82,52.78
100.0,71.58,75.51,67.5,0.0,0.0,2.65,7.32,0.0,2.4,8,100.0,78.27,59.89,62.06,41.56,51.58
100.0,73.29,75.46,67.49,0.0,0.0,3.58,6.99,0.0,2.22,8,92.01,76.57,56.5,62.6,39.87,49.29
100.0,74.41,75.54,85.99,0.0,0.0,3.56,6.83,0.0,2.23,8,83.97,72.34,58.15,61.09,40.28,49.84
100.0,74.91,75.51,98.84,0.0,0.0,3.33,5.98,0.0,2.14,8,81.07,70.73,52.05,59.03,37.34,48.51
100.0,76.12,75.53,92.3,0.0,0.0,2.83,6.42,0.0,2.17,8,71.35,68.68,49.34,56.13,39.77,45.86
100.0,77.14,75.54,97.18,0.0,0.0,2.73,6.29,0.0,2.13,8,64.93,67.29,45.09,52.97,40.22,45.85
100.0,78.27,75.56,100.0,0.0,0.0,3.36,6.69,0.0,2.12,8,59.89,62.06,45.76,52.22,42.04,43.88
92.01,76.57,75.57,94.34,-7.99,-7.99,0.45,3.29,2.8,1.59,8,56.5,62.6,43.58,54.18,40.26,42.91
83.97,72.34,75.58,93.67,-16.03,-16.03,-4.8,-2.07,5.84,1.82,8,58.15,61.09,40.28,53.35,42.02,42.24
81.07,70.73,75.66,95.78,-18.93,-18.93,-7.54,-4.18,7.71,2.51,8,52.05,59.03,40.18,53.42,41.39,46.35
71.35,68.68,75.68,84.84,-20.66,-28.65,-7.89,-7.44,10.47,3.39,8,49.34,56.13,39.72,53.36,40.14,47.95
64.93,67.29,75.73,80.19,-19.04,-35.07,-5.05,-9.85,12.56,4.05,8,45.09,52.97,41.82,52.78,35.6,48.3
59.89,62.06,75.72,88.83,-21.18,-40.11,-8.67,-16.21,13.42,5.14,8,45.76,52.22,41.56,51.58,37.08,49.12
56.5,62.6,75.71,88.84,-14.85,-35.51,-6.09,-13.98,12.3,4.82,8,43.58,54.18,39.87,49.29,36.45,46.98
58.15,61.09,75.73,99.68,-6.77,-25.82,-6.2,-11.25,10.29,4.17,8,40.28,53.35,40.28,49.84,38.85,48.15
52.05,59.03,75.77,94.68,-7.84,-29.02,-3.03,-11.7,9.21,4.06,8,40.18,53.42,37.34,48.51,32.74,48.05
49.34,56.13,75.87,96.1,-7.16,-22.01,-6.47,-12.56,6.94,4.07,8,39.72,53.36,39.77,45.86,28.5,48.26
45.09,52.97,75.84,100.0,-13.06,-19.84,-8.12,-14.32,6.25,4.32,8,41.82,52.78,40.22,45.85,30.61,46.87
45.76,52.22,75.84,92.35,-6.3,-14.14,-6.8,-9.84,5.52,3.97,8,41.56,51.58,42.04,43.88,32.71,45.64
43.58,54.18,75.93,78.42,-5.76,-12.92,-1.94,-8.41,5.3,3.78,8,39.87,49.29,40.26,42.91,37.44,44.7
40.28,53.35,75.94,100.0,-4.81,-17.87,0.38,-7.74,5.52,3.11,8,40.28,49.84,42.02,42.24,34.78,43.76
40.18,53.42,75.96,100.0,-5.58,-11.88,1.2,-5.6,4.08,2.18,8,37.34,48.51,41.39,46.35,40.22,44.02
39.72,53.36,76.0,100.0,-3.86,-9.62,-0.82,-2.76,3.32,1.14,8,39.77,45.86,40.14,47.95,36.49,42.85
41.82,52.78,75.96,95.2,1.54,-3.27,-0.57,-0.19,2.29,0.57,8,40.22,45.85,35.6,48.3,39.48,43.94
41.56,51.58,75.93,85.69,1.38,-4.2,-1.84,-0.64,2.0,0.8,8,42.04,43.88,37.08,49.12,40.9,42.19
39.87,49.29,75.9,82.54,0.15,-3.71,-4.07,-4.89,1.29,1.53,8,40.26,42.91,36.45,46.98,43.38,42.94
40.28,49.84,75.9,79.05,-1.55,-0.01,-2.94,-3.51,0.76,1.62,8,42.02,42.24,38.85,48.15,48.3,43.41
37.34,48.51,75.98,86.12,-4.21,-2.83,-3.07,-4.91,1.36,1.89,8,41.39,46.35,32.74,48.05,50.29,44.33
39.77,45.86,76.06,89.26,-0.1,0.05,-3.44,-7.51,1.36,2.43,8,40.14,47.95,28.5,48.26,56.67,44.57
40.22,45.85,76.07,92.19,-0.06,-1.61,-3.99,-6.93,1.36,2.44,8,35.6,48.3,30.61,46.87,56.75,44.53
39.52,49.91,37.3,13.81,3.25,19.1,4.81,3.77,7.49,1.63,9,37.54,52.54,34.64,59.11,34.84,58.54
38.32,50.04,37.31,26.64,0.44,15.88,4.08,4.51,5.89,2.03,9,39.73,52.98,33.34,59.51,27.8,57.21
34.97,49.62,37.29,28.94,-4.45,4.88,1.8,4.52,3.08,2.09,9,35.73,54.35,34.56,60.38,27.08,56.94
36.22,50.84,37.36,14.84,-3.3,-0.05,0.93,5.75,1.61,2.06,9,33.2,55.98,34.52,62.18,21.59,54.68
38.41,51.47,37.42,4.25,0.1,0.54,1.43,5.51,1.55,1.75,9,33.39,57.42,34.52,64.09,22.06,52.43
37.91,52.53,37.5,8.43,2.94,-1.52,2.91,4.72,1.55,1.39,9,33.83,59.1,32.85,66.37,24.04,49.99
37.54,52.54,37.54,14.65,1.32,-1.99,1.69,2.63,1.4,1.13,9,34.64,59.11,27.61,66.19,25.91,51.3
39.73,52.98,37.61,25.54,1.32,1.41,1.51,2.94,1.44,1.22,9,33.34,59.51,28.23,63.22,29.19,49.83
35.73,54.35,37.68,23.47,-2.18,0.76,1.82,4.73,1.54,1.43,9,34.56,60.38,31.67,63.53,31.43,49.7
33.2,55.98,37.64,22.04,-4.33,-3.02,3.44,5.13,1.97,1.61,9,34.52,62.18,30.73,62.62,33.79,49.27
33.39,57.42,37.63,16.56,-6.34,-5.02,4.44,5.95,2.34,1.98,9,34.52,64.09,28.73,61.97,31.29,46.28
33.83,59.1,37.76,4.5,-1.9,-4.08,4.75,6.57,2.37,2.4,9,32.85,66.37,28.07,60.64,32.96,46.9
34.64,59.11,37.83,3.01,1.43,-2.9,3.13,6.57,2.25,2.54,9,27.61,66.19,34.84,58.54,38.41,47.93
33.34,59.51,37.85,5.59,-0.05,-6.39,2.09,6.52,2.16,2.38,9,28.23,63.22,27.8,57.21,37.42,48.37
34.56,60.38,37.8,11.41,0.73,-1.18,1.28,6.03,0.86,2.0,9,31.67,63.53,27.08,56.94,37.8,48.69
34.52,62.18,37.79,1.4,-0.12,1.32,3.08,6.21,0.59,1.85,9,30.73,62.62,21.59,54.68,38.62,51.39
34.52,64.09,37.82,0.19,1.18,1.13,4.58,6.67,0.53,2.06,9,28.73,61.97,22.06,52.43,39.6,52.48
32.85,66.37,37.78,5.61,-1.7,-0.98,5.99,7.27,0.66,2.61,9,28.07,60.64,24.04,49.99,41.5,51.47
27.61,66.19,37.83,12.8,-6.91,-7.03,4.01,7.09,2.35,2.83,9,34.84,58.54,25.91,51.3,40.28,51.44
28.23,63.22,37.85,5.0,-6.29,-5.11,-0.87,3.71,2.8,2.46,9,27.8,57.21,29.19,49.83,40.65,51.51
31.67,63.53,37.89,12.4,-1.19,-2.89,-2.84,3.16,2.77,1.97,9,27.08,56.94,31.43,49.7,40.28,50.32
30.73,62.62,37.89,14.55,3.13,-3.79,-3.57,0.44,2.58,1.53,9,21.59,54.68,33.79,49.27,39.68,50.1
28.73,61.97,37.95,6.67,0.5,-5.79,-1.25,-2.12,2.38,1.57,9,22.06,52.43,31.29,46.28,39.94,49.46
28.07,60.64,38.04,13.13,-3.6,-4.78,-2.9,-5.74,1.89,1.96,9,24.04,49.99,32.96,46.9,44.27,50.72
34.84,58.54,38.01,7.35,4.1,7.23,-4.08,-7.65,2.42,2.22,9,25.91,51.3,38.41,47.93,39.1,50.0
27.8,57.21,38.01,13.62,-0.93,-0.44,-4.77,-6.01,2.39,2.25,9,29.19,49.83,37.42,48.37,41.25,48.77
27.08,56.94,38.06,7.47,-1.0,-4.59,-3.7,-6.6,2.54,2.47,9,31.43,49.7,37.8,48.69,39.14,48.34
21.59,54.68,38.04,8.07,-13.25,-9.14,-3.86,-7.95,3.7,2.7,9,33.79,49.27,38.62,51.39,46.12,48.3
22.06,52.43,38.07,11.47,-5.74,-6.67,-4.78,-9.54,4.14,3.05,9,31.29,46.28,39.6,52.48,48.14,48.52
24.04,49.99,38.06,8.21,-3.04,-4.03,-6.95,-10.65,4.21,3.39,9,32.96,46.9,41.5,51.47,40.18,50.06
25.91,51.3,38.12,0.31,4.32,-8.93,-3.38,-7.24,4.16,3.04,9,38.41,47.93,40.28,51.44,32.35,50.19
29.19,49.83,38.19,0.97,7.13,1.39,-2.6,-7.38,2.69,2.88,9,37.42,48.37,40.65,51.51,31.52,47.54
31.43,49.7,38.19,0.67,7.39,4.35,-0.29,-7.24,3.37,2.57,9,37.8,48.69,40.28,50.32,26.07,45.52
33.79,49.27,38.22,3.53,7.89,12.21,-2.03,-5.4,4.38,1.8,9,38.62,51.39,39.68,50.1,28.59,43.76
31.29,46.28,38.27,6.17,2.1,9.23,-3.55,-6.15,4.01,1.77,9,39.6,52.48,39.94,49.46,29.04,41.52
32.96,46.9,38.23,5.65,1.53,8.92,-2.8,-3.09,3.37,1.66,9,41.5,51.47,44.27,50.72,31.07,42.09
38.41,47.93,38.27,2.39,4.62,12.5,-1.34,-3.37,3.6,1.65,9,40.28,51.44,39.1,50.0,31.37,42.71
37.42,48.37,38.26,1.01,6.13,8.23,2.09,-1.46,3.11,1.28,9,40.65,51.51,41.25,48.77,30.25,43.35
37.8,48.69,38.25,9.74,4.84,6.37,1.79,-1.01,2.85,1.14,9,40.28,50.32,39.14,48.34,29.44,41.51
38.62,51.39,38.29,0.85,0.21,4.82,3.45,2.11,2.77,1.55,9,39.68,50.1,46.12,48.3,28.68,44.06
39.6,52.48,38.25,0.14,2.18,8.31,4.11,6.2,2.92,2.11,9,39.94,49.46,48.14,48.52,24.42,45.98
41.5,51.47,38.19,5.11,3.7,8.54,2.78,4.57,2.42,1.98,9,44.27,50.72,40.18,50.06,31.44,45.48
40.28,51.44,38.19,1.66,1.67,1.87,0.06,3.51,1.34,1.71,9,39.1,50.0,32.35,50.19,38.58,45.74
40.65,51.51,38.28,6.78,1.05,3.23,-0.97,3.14,1.41,1.46,9,41.25,48.77,31.52,47.54,37.21,47.05
40.28,50.32,38.34,5.28,-1.23,2.48,-1.16,1.62,1.17,1.12,9,39.14,48.34,26.07,45.52,37.56,48.1
39.68,50.1,38.41,8.43,-0.6,1.07,-1.35,-1.29,0.84,0.75,9,46.12,48.3,28.59,43.76,39.78,44.1
39.94,49.46,38.39,10.74,-0.71,0.34,-2.05,-3.02,0.61,0.97,9,48.14,48.52,29.04,41.52,38.34,44.16
44.27,50.72,38.44,13.77,3.99,2.77,0.4,-0.76,1.46,0.74,9,40.18,50.06,31.07,42.09,38.29,45.18
39.1,50.0,38.47,15.6,-0.59,-1.18,-0.1,-1.44,1.57,0.71,9,32.35,50.19,31.37,42.71,36.71,47.88
41.25,48.77,38.45,27.21,1.3,0.59,-0.69,-2.75,1.58,0.81,9,31.52,47.54,30.25,43.35,36.52,50.75
39.14,48.34,38.47,27.46,-5.13,-1.14,-2.38,-1.98,1.67,0.8,9,26.07,45.52,29.44,41.51,32.57,52.89
46.12,48.3,38.52,13.97,7.03,6.44,-1.7,-1.8,2.56,0.87,9,28.59,43.76,28.68,44.06,35.21,55.27
48.14,48.52,38.32,19.36,6.89,8.2,-0.25,-0.94,3.36,0.86,9,29.04,41.52,24.42,45.98,36.48,57.46
40.18,50.06,38.2,26.87,1.04,-4.09,1.72,-0.66,3.33,0.92,9,31.07,42.09,31.44,45.48,33.26,58.65
32.35,50.19,38.28,29.78,-13.77,-6.74,1.89,0.19,4.78,0.81,9,31.37,42.71,38.58,45.74,34.17,61.32
31.52,47.54,38.34,43.78,-16.62,-9.73,-0.98,-1.23,5.81,0.9,9,30.25,43.35,37.21,47.05,34.77,62.42
26.07,45.52,38.31,31.03,-14.11,-13.06,-4.54,-2.82,7.46,1.46,9,29.44,41.51,37.56,48.1,27.99,66.12
28.59,43.76,38.37,35.84,-3.76,-17.53,-6.43,-4.54,8.05,2.17,9,28.68,44.06,39.78,44.1,32.89,67.62
29.04,41.52,38.38,35.9,-2.48,-19.1,-6.02,-7.0,7.2,3.03,9,24.42,45.98,38.34,44.16,36.51,69.31
31.07,42.09,38.38,38.19,4.99,-9.11,-3.43,-7.97,4.14,3.31,9,31.44,45.48,38.29,45.18,37.46,71.04
31.37,42.71,38.39,33.01,2.78,-0.98,-1.06,-7.48,2.04,2.94,9,38.58,45.74,36.71,47.88,37.72,72.91
30.25,43.35,38.42,30.58,1.21,-1.27,1.83,-4.19,1.82,1.94,9,37.21,47.05,36.52,50.75,36.12,74.46
29.44,41.51,38.45,32.44,-1.63,3.36,-0.58,-4.01,1.66,1.33,9,37.56,48.1,32.57,52.89,34.91,76.19
28.68,44.06,38.46,25.43,-2.69,0.08,1.36,0.3,1.05,0.97,9,39.78,44.1,35.21,55.27,33.1,77.38
24.42,45.98,38.54,30.24,-5.83,-4.61,2.62,4.46,2.15,1.48,9,38.34,44.16,36.48,57.46,33.44,78.81
31.44,45.48,38.55,41.74,2.01,0.38,3.97,3.38,2.29,1.55,9,38.29,45.18,33.26,58.65,34.46,82.4
38.58,45.74,38.55,36.84,9.9,7.21,1.67,3.03,3.93,1.57,9,36.71,47.88,34.17,61.32,35.36,83.8
37.21,47.05,38.6,37.01,12.78,6.96,1.07,3.7,4.58,1.74,9,36.52,50.75,34.77,62.42,37.54,85.32
37.56,48.1,38.64,38.34,6.11,8.12,2.63,6.59,5.0,1.98,9,32.57,52.89,27.99,66.12,36.86,86.65
39.78,44.1,38.68,58.9,1.19,11.1,-1.64,0.03,5.4,1.36,9,35.21,55.27,32.89,67.62,38.3,84.38
38.34,44.16,38.68,67.19,1.13,13.91,-2.89,-1.82,5.1,1.34,9,36.48,57.46,36.51,69.31,37.0,81.75
38.29,45.18,38.7,92.63,0.73,6.85,-2.92,-0.29,2.51,1.36,9,33.26,58.65,37.46,71.04,37.14,78.57
36.71,47.88,38.65,75.37,-3.06,-1.87,3.78,2.14,0.94,1.55,9,34.17,61.32,37.72,72.91,44.4,75.41
36.52,50.75,38.67,72.68,-1.82,-0.69,6.59,3.7,1.05,2.25,9,34.77,62.42,36.12,74.46,43.6,72.01
32.57,52.89,38.73,58.43,-5.72,-4.98,7.7,4.78,2.11,3.12,9,27.99,66.12,34.91,76.19,40.0,69.8
35.21,55.27,38.8,63.1,-1.5,-4.57,7.4,11.18,2.2,4.14,9,32.89,67.62,33.1,77.38,39.21,68.4
36.48,57.46,38.87,48.55,-0.04,-1.85,6.72,13.3,1.83,4.67,9,36.51,69.31,33.44,78.81,42.92,67.21
33.26,58.65,38.88,51.65,0.68,-5.03,5.77,13.47,1.89,4.6,9,37.46,71.04,34.46,82.4,43.68,63.69
34.17,61.32,38.96,44.67,-1.04,-2.54,6.05,13.44,1.56,4.35,9,37.72,72.91,35.36,83.8,42.31,63.55
34.77,62.42,38.97,47.25,-1.71,-1.75,4.95,11.67,1.4,3.96,9,36.12,74.46,37.54,85.32,38.1,62.65
27.99,66.12,39.02,42.48,-5.27,-4.59,7.47,13.24,2.54,4.16,9,34.91,76.19,36.86,86.65,41.61,61.79
32.89,67.62,39.04,38.59,-1.27,-2.31,6.3,12.34,2.53,4.18,9,33.1,77.38,38.3,84.38,41.15,60.47
36.51,69.31,39.07,48.22,1.74,0.03,6.89,11.84,2.69,4.19,9,33.44,78.81,37.0,81.75,38.29,60.77
37.46,71.04,39.15,68.52,9.47,4.2,4.92,12.39,2.85,4.2,9,34.46,82.4,37.14,78.57,37.64,59.44
37.72,72.91,39.18,79.01,4.83,3.55,5.29,11.59,3.13,3.97,9,35.36,83.8,44.4,75.41,43.17,59.36
36.12,74.46,39.12,69.54,-0.4,1.35,5.15,12.04,3.17,3.83,9,37.54,85.32,43.6,72.01,47.94,59.64
34.91,76.19,39.23,73.82,-2.54,6.93,5.15,10.07,3.17,3.39,9,36.86,86.65,40.0,69.8,51.02,58.99
33.1,77.38,39.32,82.84,-4.62,0.21,4.48,9.77,1.81,3.32,9,38.3,84.38,39.21,68.4,48.13,58.03
33.44,78.81,39.39,74.89,-2.67,-3.07,4.34,9.5,1.71,3.18,9,37.0,81.75,42.92,67.21,43.57,57.85
34.46,82.4,39.42,68.69,-0.45,-3.0,6.21,11.36,1.7,3.53,9,37.14,78.57,43.68,63.69,42.91,58.71
35.36,83.8,39.37,74.29,2.26,-2.36,6.41,10.89,1.47,3.7,9,44.4,75.41,42.31,63.55,41.13,59.33
37.54,85.32,39.37,66.6,4.1,1.43,6.52,10.86,1.42,3.81,9,43.6,72.01,38.1,62.65,37.81,59.14
36.86,86.65,39.34,81.74,2.4,1.95,4.25,10.46,1.53,3.77,9,40.0,69.8,41.61,61.79,39.18,60.42
38.3,84.38,39.4,78.43,2.94,5.2,0.58,6.99,1.89,3.16,9,39.21,68.4,41.15,60.47,37.17,61.04
37.0,81.75,39.44,75.37,-0.55,3.55,-3.57,2.95,1.63,2.39,9,42.92,67.21,38.29,60.77,34.52,60.96
37.14,78.57,39.36,79.43,0.27,2.68,-8.08,-3.83,1.22,2.46,9,43.68,63.69,37.64,59.44,35.81,60.3
44.4,75.41,39.36,70.56,6.1,9.04,-8.96,-8.38,2.71,3.71,9,42.31,63.55,43.17,59.36,30.13,62.1
43.6,72.01,39.37,54.73,6.6,6.05,-9.75,-13.32,3.04,5.06,9,38.1,62.65,47.94,59.64,29.09,63.75
40.0,69.8,39.32,50.07,2.86,3.13,-8.76,-16.84,2.96,5.84,9,41.61,61.79,51.02,58.99,31.36,63.12
39.21,68.4,39.41,55.93,-5.19,0.91,-7.02,-15.98,2.75,5.63,9,41.15,60.47,48.13,58.03,32.17,63.21
